timestamp,heart_rate_bpm_mean,heart_rate_bpm_std,heart_rate_bpm_min,heart_rate_bpm_max,heart_rate_bpm_range,heart_rate_bpm_skew,heart_rate_bpm_kurt,heart_rate_bpm_energy,steps_mean,steps_std,steps_min,steps_max,steps_range,steps_skew,steps_kurt,steps_energy,hour,day_of_week,is_night
2026-01-01 00:00:00,56.239999999999995,0.0,56.239999999999995,56.239999999999995,0.0,0.0,0.0,3162.9375999999993,0.0,0.0,0.0,0.0,0.0,0.0,0.0,0.0,0,3,1
2026-01-01 00:05:00,57.19,1.3435028842544443,56.239999999999995,58.14,1.9000000000000057,0.0,0.0,6543.197199999999,0.0,0.0,0.0,0.0,0.0,0.0,0.0,0.0,0,3,1
2026-01-01 00:10:00,64.41333333333334,12.547196233953361,56.239999999999995,78.86,22.620000000000005,1.6874762561045606,0.0,12762.0968,0.0,0.0,0.0,0.0,0.0,0.0,0.0,0.0,0,3,1
2026-01-01 00:15:00,64.725,10.263688420835857,56.239999999999995,78.86,22.620000000000005,1.189127078627418,0.6127623798518371,17073.3324,0.0,0.0,0.0,0.0,0.0,0.0,-3.0,0.0,0,3,1
2026-01-01 00:20:00,63.7,9.179357275975264,56.239999999999995,78.86,22.620000000000005,1.5276220147416009,2.0653362433473355,20625.4924,0.0,0.0,0.0,0.0,0.0,0.0,-3.0,0.0,0,3,1
2026-01-01 00:25:00,62.74333333333333,8.53813484706506,56.239999999999995,78.86,22.620000000000005,1.7823605238697349,3.022932580648932,23984.854,0.0,0.0,0.0,0.0,0.0,0.0,-3.0,0.0,0,3,1
2026-01-01 00:30:00,62.32285714285714,7.873207127733303,56.239999999999995,78.86,22.620000000000005,1.98037429953063,3.95738147601181,27560.894,0.0,0.0,0.0,0.0,0.0,0.0,-3.0,0.0,0,3,1
2026-01-01 00:35:00,62.2975,7.289526243669259,56.239999999999995,78.86,22.620000000000005,2.05080370091239,4.5067597176614695,31419.788399999998,0.0,0.0,0.0,0.0,0.0,0.0,-3.0,0.0,0,3,1
2026-01-01 00:40:00,62.08111111111111,6.849559191007193,56.239999999999995,78.86,22.620000000000005,2.2038862739034064,5.308721974759733,35061.910899999995,0.0,0.0,0.0,0.0,0.0,0.0,-3.0,0.0,0,3,1
2026-01-01 00:45:00,62.085,6.457838045524387,56.239999999999995,78.86,22.620000000000005,2.2703712018562228,5.840947472637252,38920.80529999999,0.0,0.0,0.0,0.0,0.0,0.0,-3.0,0.0,0,3,1
2026-01-01 00:50:00,61.627272727272725,6.311732077503118,56.239999999999995,78.86,22.620000000000005,2.34428433629883,6.240831616428916,42175.50779999999,0.0,0.0,0.0,0.0,0.0,0.0,-3.0,0.0,0,3,1
2026-01-01 00:55:00,61.63833333333333,6.0181223790894265,56.239999999999995,78.86,22.620000000000005,2.407240417406336,6.7639901490885945,45989.80539999999,0.0,0.0,0.0,0.0,0.0,0.0,-3.0,0.0,0,3,1
2026-01-01 01:00:00,62.053333333333335,5.778974953670549,57.05,78.86,21.810000000000002,2.548503501095285,7.434225510332522,46574.756199999996,0.0,0.0,0.0,0.0,0.0,0.0,-3.0,0.0,1,3,1
2026-01-01 01:05:00,62.215,5.685934000192533,57.05,78.86,21.810000000000002,2.6042849407844946,7.73413540285419,46804.103,0.0,0.0,0.0,0.0,0.0,0.0,-3.0,0.0,1,3,1
2026-01-01 01:10:00,60.45166666666666,2.3673031581156336,57.05,65.66,8.61,0.6303090979956105,0.9093937914427992,43914.4934,0.0,0.0,0.0,0.0,0.0,0.0,-3.0,0.0,1,3,1
2026-01-01 01:15:00,60.343333333333334,2.1245933657283658,57.05,64.36,7.310000000000002,0.1276300627589053,-0.2905417863982273,43745.4674,0.0,0.0,0.0,0.0,0.0,0.0,-3.0,0.0,1,3,1
2026-01-01 01:20:00,60.72,2.367603314439619,57.05,64.36,7.310000000000002,-0.039620500179283855,-0.8157132756971482,44304.681800000006,0.0,0.0,0.0,0.0,0.0,0.0,-3.0,0.0,1,3,1
2026-01-01 01:25:00,62.93,7.134881027230041,57.05,84.47999999999999,27.429999999999993,2.879603912828485,9.212341242442951,48082.1906,0.0,0.0,0.0,0.0,0.0,0.0,-3.0,0.0,1,3,1
2026-01-01 01:30:00,62.95083333333333,7.125269319737172,57.05,84.47999999999999,27.429999999999993,2.8827906561770846,9.233506616887073,48112.1531,0.0,0.0,0.0,0.0,0.0,0.0,-3.0,0.0,1,3,1
2026-01-01 01:35:00,62.74333333333333,7.187647653292331,57.05,84.47999999999999,27.429999999999993,2.9017541908102236,9.26141116364037,47808.9956,0.0,0.0,0.0,0.0,0.0,0.0,-3.0,0.0,1,3,1
2026-01-01 01:40:00,62.87916666666666,7.153627761598663,57.05,84.47999999999999,27.429999999999993,2.878937072988834,9.19457160666553,48008.3935,0.0,0.0,0.0,0.0,0.0,0.0,-3.0,0.0,1,3,1
2026-01-01 01:45:00,62.777499999999996,7.174037946271641,57.05,84.47999999999999,27.429999999999993,2.9032948463451893,9.28120383406073,47858.3091,0.0,0.0,0.0,0.0,0.0,0.0,-3.0,0.0,1,3,1
2026-01-01 01:50:00,62.915,7.069331330086701,57.7,84.47999999999999,26.779999999999987,3.0012730686792177,9.696060756201243,48049.296599999994,0.0,0.0,0.0,0.0,0.0,0.0,-3.0,0.0,1,3,1
2026-01-01 01:55:00,62.73833333333334,7.127073648270988,57.7,84.47999999999999,26.779999999999987,3.00805157296912,9.687845748609423,47791.92860000001,0.0,0.0,0.0,0.0,0.0,0.0,-3.0,0.0,1,3,1
2026-01-01 02:00:00,62.76083333333333,7.122269120458899,57.7,84.47999999999999,26.779999999999987,3.0032398716764237,9.669809766257847,47825.060300000005,0.0,0.0,0.0,0.0,0.0,0.0,-3.0,0.0,2,3,1
2026-01-01 02:05:00,64.26916666666666,8.318964597213817,57.7,84.47999999999999,26.779999999999987,1.922447080294113,2.8292146685539303,50327.5663,0.0,0.0,0.0,0.0,0.0,0.0,-3.0,0.0,2,3,1
2026-01-01 02:10:00,64.89416666666666,8.058208077745467,58.7,84.47999999999999,25.779999999999987,1.8946185541310674,2.7803013405071635,51249.3163,0.0,0.0,0.0,0.0,0.0,0.0,-3.0,0.0,2,3,1
2026-01-01 02:15:00,64.4075,8.267045338956569,58.52,84.47999999999999,25.959999999999987,1.9168507779446082,2.7890632610154347,50531.6971,0.0,0.0,0.0,0.0,0.0,0.0,-3.0,0.0,2,3,1
2026-01-01 02:20:00,63.92666666666667,8.451039025235922,58.35,84.47999999999999,26.12999999999999,1.9592562695325153,2.8660265706968477,49825.0452,0.0,0.0,0.0,0.0,0.0,0.0,-3.0,0.0,2,3,1
2026-01-01 02:25:00,61.785,5.515502944181314,58.35,78.17999999999999,19.82999999999999,2.788680693741201,8.373649256227825,46143.2632,0.0,0.0,0.0,0.0,0.0,0.0,-3.0,0.0,2,3,1
2026-01-01 02:30:00,62.104166666666664,5.516791653807053,58.35,78.17999999999999,19.82999999999999,2.5875676990330425,7.464030342539697,46617.9151,0.0,0.0,0.0,0.0,0.0,0.0,-3.0,0.0,2,3,1
2026-01-01 02:35:00,62.171666666666674,5.48865082500134,58.35,78.17999999999999,19.82999999999999,2.5902484470185025,7.51084256843812,46715.171800000004,0.0,0.0,0.0,0.0,0.0,0.0,-3.0,0.0,2,3,1
2026-01-01 02:40:00,61.58166666666667,5.877858041116268,54.9,78.17999999999999,23.279999999999994,2.265151286990077,6.321535934529882,45887.661400000005,0.0,0.0,0.0,0.0,0.0,0.0,-3.0,0.0,2,3,1
2026-01-01 02:45:00,61.51,5.8921504023265046,54.9,78.17999999999999,23.279999999999994,2.2907120517215764,6.3815839741163165,45783.653,0.0,0.0,0.0,0.0,0.0,0.0,-3.0,0.0,2,3,1
2026-01-01 02:50:00,61.55833333333333,5.869339181223253,54.9,78.17999999999999,23.279999999999994,2.29386630290646,6.429599963070844,45852.081399999995,0.0,0.0,0.0,0.0,0.0,0.0,-3.0,0.0,2,3,1
2026-01-01 02:55:00,61.13666666666666,6.192547329188729,54.58,78.17999999999999,23.599999999999994,2.045792506869452,5.419629261275905,45274.12819999999,0.0,0.0,0.0,0.0,0.0,0.0,-3.0,0.0,2,3,1
2026-01-01 03:00:00,61.0325,6.196575483867905,54.58,78.17999999999999,23.599999999999994,2.1019781766137853,5.596359386505169,45121.9657,0.0,0.0,0.0,0.0,0.0,0.0,-3.0,0.0,3,3,1
2026-01-01 03:05:00,59.14083333333334,3.250534105296712,54.58,65.2,10.620000000000005,0.3562588922136831,-0.09028631059427299,42087.883700000006,0.0,0.0,0.0,0.0,0.0,0.0,-3.0,0.0,3,3,1
2026-01-01 03:10:00,58.62416666666667,2.634192849754381,54.58,63.879999999999995,9.299999999999997,0.05770909802576915,0.3604458275686789,41317.8437,0.0,0.0,0.0,0.0,0.0,0.0,-3.0,0.0,3,3,1
2026-01-01 03:15:00,58.70416666666667,2.6452958533055027,54.58,63.879999999999995,9.299999999999997,-0.0482222646978491,0.2877802437068081,41431.1237,0.0,0.0,0.0,0.0,0.0,0.0,-3.0,0.0,3,3,1
2026-01-01 03:20:00,58.91833333333333,2.717076749119574,54.58,63.879999999999995,9.299999999999997,-0.269491822662521,-0.023371653128157276,41737.6476,0.0,0.0,0.0,0.0,0.0,0.0,-3.0,0.0,3,3,1
2026-01-01 03:25:00,58.90833333333333,2.7178528735795053,54.58,63.879999999999995,9.299999999999997,-0.2560944974687298,-0.033523317471558456,41723.554800000005,0.0,0.0,0.0,0.0,0.0,0.0,-3.0,0.0,3,3,1
2026-01-01 03:30:00,58.718333333333334,2.3997796616028246,54.58,61.6,7.020000000000003,-0.9024263205808614,-0.5843028727566744,41437.460399999996,0.0,0.0,0.0,0.0,0.0,0.0,-3.0,0.0,3,3,1
2026-01-01 03:35:00,58.81833333333333,2.5009155899148077,54.58,61.64,7.060000000000002,-0.8030010968816116,-0.6822763024357016,41583.956399999995,0.0,0.0,0.0,0.0,0.0,0.0,-3.0,0.0,3,3,1
2026-01-01 03:40:00,59.1875,2.175763711268496,54.58,61.64,7.060000000000002,-1.1981119101730642,1.0329091749545778,42089.9953,0.0,0.0,0.0,0.0,0.0,0.0,-3.0,0.0,3,3,1
2026-01-01 03:45:00,59.365833333333335,2.333941100500651,54.58,62.18000000000001,7.6000000000000085,-1.0216783100626805,0.6062313576555558,42351.5461,0.0,0.0,0.0,0.0,0.0,0.0,-3.0,0.0,3,3,1
2026-01-01 03:50:00,59.50416666666667,2.3771849598492456,54.58,62.18000000000001,7.6000000000000085,-1.1449965097424286,0.6577669389181166,42551.111300000004,0.0,0.0,0.0,0.0,0.0,0.0,-3.0,0.0,3,3,1
2026-01-01 03:55:00,59.7525,1.9295177211841703,55.48,62.18000000000001,6.70000000000001,-0.9056837465872905,0.7536014193816823,42885.288499999995,0.0,0.0,0.0,0.0,0.0,0.0,-3.0,0.0,3,3,1
2026-01-01 04:00:00,59.862500000000004,1.9963062481402383,55.48,62.18000000000001,6.70000000000001,-0.936989939982396,0.5164816178494612,43046.0645,0.0,0.0,0.0,0.0,0.0,0.0,-3.0,0.0,4,3,1
2026-01-01 04:05:00,60.119166666666665,1.5236705581250438,57.56,62.18000000000001,4.6200000000000045,-0.1923577649147826,-1.4362223438502124,43397.3077,0.0,0.0,0.0,0.0,0.0,0.0,-3.0,0.0,4,3,1
2026-01-01 04:10:00,60.1825,1.4883066949328456,57.56,62.18000000000001,4.6200000000000045,-0.31483946302310717,-1.1717235008466977,43487.5653,0.0,0.0,0.0,0.0,0.0,0.0,-3.0,0.0,4,3,1
2026-01-01 04:15:00,60.300833333333344,1.4838185280695664,57.56,62.18000000000001,4.6200000000000045,-0.581555172859201,-0.9345002488212079,43658.5049,0.0,0.0,0.0,0.0,0.0,0.0,-3.0,0.0,4,3,1
2026-01-01 04:20:00,60.04583333333333,1.6240491390535936,57.56,62.18000000000001,4.6200000000000045,-0.24961109747512814,-1.5573185588456315,43295.0381,0.0,0.0,0.0,0.0,0.0,0.0,-3.0,0.0,4,3,1
2026-01-01 04:25:00,60.38583333333333,1.7310976986941997,57.56,62.739999999999995,5.179999999999993,-0.45588112348825877,-1.1421706306586044,43790.3501,0.0,0.0,0.0,0.0,0.0,0.0,-3.0,0.0,4,3,1
2026-01-01 04:30:00,60.1675,1.7292621915929458,57.56,62.739999999999995,5.179999999999993,-0.09654604135810778,-1.3360393222179303,43474.430499999995,0.0,0.0,0.0,0.0,0.0,0.0,-3.0,0.0,4,3,1
2026-01-01 04:35:00,60.057500000000005,1.667977136315974,57.56,62.739999999999995,5.179999999999993,0.055232620430691215,-1.0371529033608624,43313.44329999999,0.0,0.0,0.0,0.0,0.0,0.0,-3.0,0.0,4,3,1
2026-01-01 04:40:00,60.29666666666666,1.7575361542037897,57.56,62.739999999999995,5.179999999999993,-0.2406167074772116,-1.263442339344851,43662.2344,0.0,0.0,0.0,0.0,0.0,0.0,-3.0,0.0,4,3,1
2026-01-01 04:45:00,59.88666666666668,1.8497043170750738,57.260000000000005,62.739999999999995,5.47999999999999,0.007966464622941892,-1.3056564838305447,43074.5896,0.0,0.0,0.0,0.0,0.0,0.0,-3.0,0.0,4,3,1
2026-01-01 04:50:00,59.666666666666664,1.8699214049275346,57.260000000000005,62.739999999999995,5.47999999999999,0.34724457735696623,-1.2641757387530557,42759.796,0.0,0.0,0.0,0.0,0.0,0.0,-3.0,0.0,4,3,1
2026-01-01 04:55:00,59.72166666666667,1.8111063084772698,57.260000000000005,62.739999999999995,5.47999999999999,0.3889142517022699,-1.1887118432135044,42836.21080000001,0.0,0.0,0.0,0.0,0.0,0.0,-3.0,0.0,4,3,1
2026-01-01 05:00:00,59.5,1.72645722375466,57.260000000000005,62.739999999999995,5.47999999999999,0.770497467924694,-0.38328902169748935,42515.787200000006,0.0,0.0,0.0,0.0,0.0,0.0,-3.0,0.0,5,3,1
2026-01-01 05:05:00,59.443333333333335,1.770707785210808,57.260000000000005,62.739999999999995,5.47999999999999,0.762195859832506,-0.5065394277800244,42436.60800000001,0.0,0.0,0.0,0.0,0.0,0.0,-3.0,0.0,5,3,1
2026-01-01 05:10:00,59.34166666666667,1.7858322904732893,57.260000000000005,62.739999999999995,5.47999999999999,0.9334544597816904,-0.3410339578743914,42292.28200000001,0.0,0.0,0.0,0.0,0.0,0.0,-3.0,0.0,5,3,1
2026-01-01 05:15:00,60.958333333333336,6.328443487122016,57.260000000000005,80.3,23.039999999999992,3.040354537984264,9.77041729070381,45031.56199999999,0.0,0.0,0.0,0.0,0.0,0.0,-3.0,0.0,5,3,1
2026-01-01 05:20:00,62.43000000000001,7.489350014277857,57.260000000000005,80.3,23.039999999999992,1.9265814865399318,2.659610257717035,47387.0528,0.0,0.0,0.0,0.0,0.0,0.0,-3.0,0.0,5,3,1
2026-01-01 05:25:00,62.28,7.500593915878208,57.260000000000005,80.3,23.039999999999992,1.9890721191130352,2.8454831127673894,47164.4288,0.0,0.0,0.0,0.0,0.0,0.0,-3.0,0.0,5,3,1
2026-01-01 05:30:00,62.38,7.460489869365764,57.260000000000005,80.3,23.039999999999992,1.9800726319002435,2.83433069419892,47307.4208,0.0,0.0,0.0,0.0,0.0,0.0,-3.0,0.0,5,3,1
2026-01-01 05:35:00,62.221666666666664,7.528039504936122,57.260000000000005,80.3,23.039999999999992,1.9893327406055203,2.839459067505474,47081.8148,0.0,0.0,0.0,0.0,0.0,0.0,-3.0,0.0,5,3,1
2026-01-01 05:40:00,62.05666666666667,7.55022375747096,57.260000000000005,80.3,23.039999999999992,2.04850297284852,3.0135056868758827,46839.423200000005,0.0,0.0,0.0,0.0,0.0,0.0,-3.0,0.0,5,3,1
2026-01-01 05:45:00,62.193333333333335,7.469921909453501,57.879999999999995,80.3,22.42,2.0700596358260244,3.077373087996676,47029.9256,0.0,0.0,0.0,0.0,0.0,0.0,-3.0,0.0,5,3,1
2026-01-01 05:50:00,62.214999999999996,7.4579701113519015,57.879999999999995,80.3,22.42,2.0724753893839076,3.0853621021236575,47060.3092,0.0,0.0,0.0,0.0,0.0,0.0,-3.0,0.0,5,3,1
2026-01-01 05:55:00,62.37,7.386378125859921,57.879999999999995,80.3,22.42,2.0723924971453664,3.0971604954942435,47280.3472,0.0,0.0,0.0,0.0,0.0,0.0,-3.0,0.0,5,3,1
2026-01-01 06:00:00,64.11666666666666,8.828638660974903,57.879999999999995,80.3,22.42,1.3460442805309243,-0.06509320363215984,50188.756799999996,8.166666666666666,28.29016319029166,0.0,98.0,98.0,3.4641016151377553,11.999999999999995,9604.0,6,3,0
2026-01-01 06:05:00,65.43166666666666,8.988993100992854,58.42,80.3,21.879999999999995,0.9115212078492183,-1.170965845731705,52264.458,17.416666666666668,40.77088607714029,0.0,111.0,111.0,2.076541472171297,2.7979309843067592,21925.0,6,3,0
2026-01-01 06:10:00,67.48166666666667,10.020351865835437,58.42,83.14,24.72,0.5479237438705363,-1.7641844233488604,55749.78599999999,25.916666666666668,46.97089685661911,0.0,111.0,111.0,1.3413761829226847,-0.24663884806949707,32329.0,6,3,0
2026-01-01 06:15:00,67.10833333333333,9.572819318099027,58.42,83.14,24.72,0.5790726497784145,-1.6103769957089118,55050.3684,34.583333333333336,51.161879156143975,0.0,111.0,111.0,0.8238033024347176,-1.6048108007863555,43145.0,6,3,0
2026-01-01 06:20:00,66.41833333333334,9.202645699948905,58.42,83.14,24.72,0.8389648569251285,-1.0014393537080606,53868.315599999994,41.583333333333336,51.743174048429424,0.0,111.0,111.0,0.43368619725180746,-2.1424260870472347,50201.0,6,3,0
2026-01-01 06:25:00,67.955,9.729206732121783,58.42,83.14,24.72,0.41365852394170133,-1.763972920892558,56455.816399999996,49.416666666666664,51.99031086887656,0.0,111.0,111.0,0.04826008884361177,-2.358882177639036,59037.0,6,3,0
2026-01-01 06:30:00,69.29416666666667,9.667509276233503,58.42,83.14,24.72,0.04512798553232906,-1.9223734752877237,58648.246499999994,56.208333333333336,50.241895924224494,0.0,111.0,111.0,-0.30419309625413604,-2.1877095638673776,65679.25,6,3,0
2026-01-01 06:35:00,70.71416666666667,9.163372204135081,58.56,83.14,24.58,-0.2942059634499267,-1.685678196534177,60929.5617,63.208333333333336,47.4741357015171,0.0,111.0,111.0,-0.6926263257741446,-1.646257924710684,72735.25,6,3,0
2026-01-01 06:40:00,71.59916666666666,8.550018031170088,58.56,83.14,24.58,-0.5345436438649069,-1.085575464691797,62321.4189,71.54166666666667,44.021409219798606,0.0,111.0,111.0,-1.1724595090096532,-0.49019060358005,82735.25,6,3,0
2026-01-01 06:45:00,72.94916666666667,7.5873572574062615,58.56,83.14,24.58,-0.8906148409266571,0.07497428852725786,64492.2189,77.45833333333333,37.87386861996572,0.0,111.0,111.0,-1.6731860842641144,1.6825374260441146,87776.25,6,3,0
2026-01-01 06:50:00,74.27416666666666,6.085862093758186,60.08,83.14,23.060000000000002,-1.0795632688877412,1.8289066127508198,66607.2369,86.16666666666667,29.542214274533052,0.0,111.0,111.0,-2.5703011251925116,7.530559044164605,98696.5,6,3,0
2026-01-01 06:55:00,75.80416666666667,4.212577397904245,67.24,83.14,15.900000000000006,-0.34662899973694977,0.6651188739415318,69150.46410000001,94.41666666666667,11.768280428440866,71.0,111.0,40.0,-0.6718635839598414,-0.32526929572697943,108497.5,6,3,0
2026-01-01 07:00:00,75.9875,4.446512678493155,67.24,83.14,15.900000000000006,-0.22226023200357323,0.29525189680935315,69506.6881,94.33333333333333,11.744115225262503,71.0,111.0,40.0,-0.6524119860023943,-0.32292327958735995,108302.5,7,3,0
2026-01-01 07:05:00,76.15083333333334,4.3888690991754755,67.24,83.14,15.900000000000006,-0.34896963352743404,0.5753516893845276,69799.27690000001,91.875,11.00232413463794,71.0,104.5,33.5,-0.5268238951681616,-0.95856714239781,102623.75,7,3,0
2026-01-01 07:10:00,75.30083333333334,3.8691658916322043,67.24,82.06,14.820000000000007,-0.40992141611318994,0.9669177798891124,68207.26090000001,92.0,11.13552872566005,71.0,104.5,33.5,-0.50644349881986,-0.992075607794851,102932.0,7,3,0
2026-01-01 07:15:00,75.0425,3.9342924164558655,67.24,82.06,14.820000000000007,-0.1841907684745076,0.5583384296495372,67746.7869,91.75,10.872191382354599,71.0,104.5,33.5,-0.5461474546616576,-0.9244654968330496,102317.0,7,3,0
2026-01-01 07:20:00,75.43083333333334,3.267635949271281,70.84,82.06,11.219999999999999,0.6366628899721528,0.04389414414729534,68395.17930000002,92.83333333333333,10.675659088304435,71.0,104.5,33.5,-0.888843696749385,-0.30984063692360764,104670.0,7,3,0
2026-01-01 07:25:00,74.86916666666667,3.102185324554142,70.84,82.06,11.219999999999999,1.099134926432483,1.4820163518434988,67370.56450000001,94.25,11.902062464509713,71.0,111.0,40.0,-0.684303025925401,-0.4450694305001971,108155.0,7,3,0
2026-01-01 07:30:00,74.74833333333333,3.0715996227413065,70.84,82.06,11.219999999999999,1.2640845817772324,1.9697783904492832,67151.542,95.16666666666667,11.235765405277219,71.0,111.0,40.0,-0.9488252326297945,0.6015907874112479,110069.0,7,3,0
2026-01-01 07:35:00,74.21833333333333,3.4615861664674847,69.1,82.06,12.960000000000008,0.9641727103440685,1.413163970373237,66232.1404,96.41666666666667,10.702237092677349,71.0,111.0,40.0,-1.3915469008789572,2.2099392512152853,112814.0,7,3,0
2026-01-01 07:40:00,74.75166666666668,3.3859652399368945,69.1,82.06,12.960000000000008,0.6439510942741814,1.014815053721234,67179.8524,97.08333333333333,11.184066046538419,71.0,111.0,40.0,-1.3165929235215434,1.7977216085647418,114478.0,7,3,0
2026-01-01 07:45:00,76.15583333333333,6.015989993846483,69.1,91.95,22.85000000000001,1.8066268252572728,3.9893060340527047,69994.64490000001,101.66666666666667,10.785793124908965,81.5,126.0,44.5,0.546921681338573,2.1770349698577474,125313.0,7,3,0
2026-01-01 07:50:00,76.245,5.996467899749625,69.1,91.95,22.85000000000001,1.7731369237980454,3.9386637314889525,70155.1342,101.875,10.869316696763674,81.5,126.0,44.5,0.4763547955258624,1.940166251257905,125841.75,7,3,0
2026-01-01 07:55:00,76.60333333333334,6.262152306927062,69.1,91.95,22.85000000000001,1.467665285040912,2.330108068242839,70848.2082,101.54166666666667,11.025710311757154,81.5,126.0,44.5,0.540729645464856,1.71642377434436,125065.75,7,3,0
2026-01-01 08:00:00,75.5925,6.280249162688922,69.1,91.95,22.85000000000001,1.837469533115677,3.8062382791295652,69004.5695,101.45833333333333,11.066859481708393,81.5,126.0,44.5,0.5556713599031186,1.6604072817810902,124872.75,8,3,0
2026-01-01 08:05:00,75.46249999999999,6.295754882891717,69.1,91.95,22.85000000000001,1.8967004076831373,3.9516945229444356,68771.06869999999,102.91666666666667,9.191976079300051,92.5,126.0,33.5,1.5079911362747946,2.7834422237666114,128031.5,8,3,0
2026-01-01 08:10:00,75.9275,6.29857433363805,69.1,91.95,22.85000000000001,1.6473391330346956,3.182688103043923,69616.2155,101.625,10.1424512905815,88.0,126.0,38.0,1.2366423620826048,2.0434478680433674,125063.25,8,3,0
2026-01-01 08:15:00,75.73583333333333,6.438492847826696,69.1,91.95,22.85000000000001,1.594667565150471,2.9153016123982565,69286.99350000001,101.54166666666667,10.152156809209954,88.0,126.0,38.0,1.2622282124679254,2.0795069438473597,124862.25,8,3,0
2026-01-01 08:20:00,76.17416666666666,6.331774788295723,69.1,91.95,22.85000000000001,1.452507786623908,2.7440561906195944,70071.0491,101.875,10.054680050060819,88.0,126.0,38.0,1.1899375229010345,2.0741065728024246,125654.25,8,3,0
2026-01-01 08:25:00,76.00916666666666,6.456808187463629,69.1,91.95,22.85000000000001,1.4117091332899254,2.505461229098052,69787.31509999999,99.875,10.453631382964938,87.0,126.0,39.0,1.3698884454171816,2.879414165277059,120902.25,8,3,0
2026-01-01 08:30:00,75.82583333333334,6.525133866036569,69.1,91.95,22.85000000000001,1.4541373783073015,2.4752604766908877,69463.0351,100.125,10.295906070773087,87.0,126.0,39.0,1.3781066602438747,3.077021659239156,121466.25,8,3,0
2026-01-01 08:35:00,77.79583333333333,7.761399192429344,69.92999999999999,92.74,22.810000000000002,1.1289801314357328,0.3498965302130197,73288.9327,100.375,10.302526168593106,87.0,126.0,39.0,1.288875495315688,2.87208546285869,122069.25,8,3,0
2026-01-01 08:40:00,77.65333333333332,7.788183745945297,69.92999999999999,92.74,22.810000000000002,1.1806023597657613,0.41236005657404085,73027.696,101.375,11.609410367926069,87.0,126.0,39.0,1.0858983606250063,0.8891406713040074,124805.25,8,3,0
2026-01-01 08:45:00,75.61416666666666,6.851791349491756,67.47999999999999,92.74,25.260000000000005,1.4916135058708115,2.7956232088826733,69126.4439,99.125,8.639562804595258,87.0,120.0,33.0,1.0671339379966438,2.508703152203476,118730.25,8,3,0
2026-01-01 08:50:00,75.17666666666666,7.023123279998789,67.47999999999999,92.74,25.260000000000005,1.5618686402541193,2.727434708690718,68360.9414,98.16666666666667,8.318471596211062,87.0,120.0,33.0,1.510695062194766,4.325108775078807,116401.5,8,3,0
2026-01-01 08:55:00,74.42999999999999,6.610070828942506,67.47999999999999,92.74,25.260000000000005,2.1174300633311725,5.561563556075243,66958.5222,98.25,8.28882051045539,87.0,120.0,33.0,1.4949053728393074,4.3548441111257175,116592.5,8,3,0
2026-01-01 09:00:00,74.74583333333332,6.464451686420197,67.47999999999999,92.74,25.260000000000005,2.1243865547323373,5.794265851093867,67502.9557,100.58333333333333,11.071735786828262,87.0,124.0,37.0,1.2296055811884166,1.2488695627989033,122752.5,9,3,0
2026-01-01 09:05:00,74.7375,6.4654805417976435,67.47999999999999,92.74,25.260000000000005,2.127946915903949,5.803855746597533,67488.15370000001,101.58333333333333,11.451147884766318,87.0,124.0,37.0,0.8785420941263742,0.16797881850245946,125272.5,9,3,0
2026-01-01 09:10:00,74.66916666666667,6.426082446254553,67.47999999999999,92.74,25.260000000000005,2.194050468929756,6.169156590668269,67360.0533,103.16666666666667,10.690550911336556,87.0,124.0,37.0,0.7802444987384801,0.2003587351561546,128977.5,9,3,0
2026-01-01 09:15:00,74.91416666666667,6.304241657708577,67.47999999999999,92.74,25.260000000000005,2.216181420111565,6.435481710757978,67782.76650000001,104.83333333333333,11.66645021444229,87.0,124.0,37.0,0.4121384967615897,-0.9192823459910212,133377.5,9,3,0
2026-01-01 09:20:00,75.145,6.443132355109187,67.47999999999999,92.74,25.260000000000005,1.9937421565332907,5.191070650413323,68217.9058,105.58333333333333,11.686887238838802,87.0,124.0,37.0,0.19188156362939418,-1.0508224039156497,135276.5,9,3,0
2026-01-01 09:25:00,75.91000000000001,6.407088404117905,67.47999999999999,92.74,25.260000000000005,1.6758597125547794,4.103242873099735,69599.4958,104.75,13.368041945421378,77.0,124.0,47.0,-0.42040505200909845,0.22217517463996866,133636.5,9,3,0
2026-01-01 09:30:00,76.45833333333333,6.379565150944994,67.47999999999999,92.74,25.260000000000005,1.417315340446537,3.463239926588286,70598.20820000001,106.04166666666667,13.139908560172586,77.0,124.0,47.0,-0.7480149714599588,0.8190343393270048,136837.25,9,3,0
2026-01-01 09:35:00,74.77666666666666,3.8595297248460207,67.47999999999999,79.92999999999999,12.450000000000003,-0.22466986712167397,-0.4213684477837723,67262.45420000001,104.45833333333333,14.720823737656515,77.0,124.0,47.0,-0.5592258213907743,-0.476173056734769,133322.25,9,3,0
2026-01-01 09:40:00,75.27916666666667,4.330354716382629,67.47999999999999,81.56,14.080000000000013,-0.16011268867386158,-0.8385026176479048,68209.7069,101.375,15.041042335737732,77.0,124.0,47.0,-0.21212522061437655,-0.9880325649973258,125811.25,9,3,0
2026-01-01 09:45:00,75.76083333333334,3.652367745930773,70.28,81.56,11.280000000000001,0.2991594620296751,-1.3911972386958653,69023.1841,101.70833333333333,15.027941148125226,77.0,124.0,47.0,-0.29197749881165735,-0.9451744042863987,126619.25,9,3,0
2026-01-01 09:50:00,76.34750000000001,3.2333352467973557,72.56,81.56,9.0,0.31375699344095626,-1.6973573910158506,70062.2881,102.0,14.930140351285754,77.0,124.0,47.0,-0.3608977785443045,-0.8312339939342596,127300.0,9,3,0
2026-01-01 09:55:00,76.20416666666667,3.391742535075845,72.06,81.56,9.5,0.25101115644839184,-1.710794588278886,69811.4433,102.25,14.845415576411588,77.0,124.0,47.0,-0.42144128881571813,-0.7233920966751877,127885.0,9,3,0
2026-01-01 10:00:00,76.64083333333333,3.380135710920898,72.06,81.56,9.5,-0.11186116866824938,-1.7456729777019944,70611.48650000001,101.33333333333333,13.673686297765396,77.0,120.0,43.0,-0.6836351068727261,-0.6946309769917314,125278.0,10,3,0
2026-01-01 10:05:00,76.81583333333333,3.281649968407939,72.06,81.56,9.5,-0.2555444570999824,-1.4793185037646155,70926.5285,102.0,14.365362381911446,77.0,120.0,43.0,-0.5870950119391842,-0.8295309437403672,127118.0,10,3,0
2026-01-01 10:10:00,76.88416666666667,3.310148193148817,72.06,81.56,9.5,-0.31052215368672925,-1.5232700570385933,71054.6289,102.75,14.876002640005634,77.0,120.0,43.0,-0.6235669523550988,-0.970499627520159,129125.0,10,3,0
2026-01-01 10:15:00,77.24249999999999,3.1213229275712795,72.06,81.56,9.5,-0.626932009996091,-0.8355304434105386,71704.0149,101.25,13.850664572175203,77.0,119.0,42.0,-0.5917761753429797,-0.8294164470271583,125129.0,10,3,0
2026-01-01 10:20:00,77.44333333333334,3.3770221775817713,72.06,82.34,10.280000000000001,-0.38919024476983277,-0.8477207514980314,72095.0856,100.33333333333333,13.580288745981901,77.0,119.0,42.0,-0.41410466052545386,-0.8025050192502622,122830.0,10,3,0
2026-01-01 10:25:00,76.97666666666667,3.40255340839347,72.06,82.34,10.280000000000001,-0.012523614927765145,-1.0634878480795218,71232.23760000001,102.5,11.42166999411844,83.0,119.0,36.0,-0.45642196351151415,-0.19689148425587683,127510.0,10,3,0
2026-01-01 10:30:00,76.39,3.5898797143688057,72.06,82.34,10.280000000000001,0.2913469395451193,-1.143663231619611,70166.9448,103.08333333333333,12.056370125624904,83.0,119.0,36.0,-0.36881438862176974,-0.4728833948388961,129113.0,10,3,0
2026-01-01 10:35:00,76.23833333333334,3.7987697370532745,70.74,82.34,11.600000000000009,0.14257053051762114,-1.1041464698617574,69906.1388,104.91666666666667,10.264310040429436,83.0,119.0,36.0,-0.43027407689872627,0.544936273998284,133249.0,10,3,0
2026-01-01 10:40:00,75.60166666666667,3.4500008783486273,70.74,82.34,11.600000000000009,0.42941829546444704,-0.4861053763533581,68718.2716,106.08333333333333,8.117974818359254,97.0,119.0,22.0,0.6545134087490101,-1.3200875492578203,135769.0,10,3,0
2026-01-01 10:45:00,75.40666666666667,3.654460122628105,70.74,82.34,11.600000000000009,0.35293275252170253,-0.7387337259731522,68380.8904,105.58333333333333,8.500891218875312,97.0,119.0,22.0,0.6541201026704148,-1.3879327686728853,134569.0,10,3,0
2026-01-01 10:50:00,75.80583333333333,4.115024485364791,70.74,82.34,11.600000000000009,0.35739617372268895,-1.1801364773150422,69144.5601,103.70833333333333,11.890520160908425,76.5,119.0,42.5,-0.7659599579123283,1.325123699677709,130620.25,10,3,0
2026-01-01 10:55:00,76.065,3.952383630625528,70.74,82.34,11.600000000000009,0.2593398895316724,-0.9507378137543311,69602.4454,104.45833333333333,11.850313255033566,76.5,119.0,42.5,-0.9899328240684725,1.717304353043509,132483.25,10,3,0
2026-01-01 11:00:00,75.435,4.050287307429869,70.74,82.34,11.600000000000009,0.5993541584758355,-0.7160659360303624,68465.72379999999,102.875,11.874581332332603,76.5,119.0,42.5,-0.6158871541418941,1.0630852208692203,128550.25,11,3,0
2026-01-01 11:05:00,75.24083333333333,4.073384695653984,70.74,82.34,11.600000000000009,0.7525656627476693,-0.6022946210053413,68116.7131,100.20833333333333,11.511769339824946,76.5,118.0,41.5,-0.4116834409656959,0.5853239259758981,121958.25,11,3,0
2026-01-01 11:10:00,74.55416666666666,4.163869394365474,70.28,82.34,12.060000000000002,1.066343961317337,0.09771814215672395,66890.60109999999,99.83333333333333,11.013077625617607,76.5,118.0,41.5,-0.5515877153099953,0.8678604713402706,120934.5,11,3,0
2026-01-01 11:15:00,74.60916666666667,4.212696088413393,70.28,82.34,12.060000000000002,1.0169018087495318,-0.11491289764130165,66993.54789999999,98.08333333333333,12.23785730898804,76.5,118.0,41.5,-0.28158700186499763,-0.3812380600774746,117091.5,11,3,0
2026-01-01 11:20:00,73.77583333333332,3.4675756748204036,70.28,82.10999999999999,11.829999999999984,1.4672568692758168,2.068743865039975,65446.7479,97.95833333333333,12.235303490929518,76.5,118.0,41.5,-0.24504084520138064,-0.3937418273349174,116796.75,11,3,0
2026-01-01 11:25:00,73.815,3.4759393759751718,70.28,82.10999999999999,11.829999999999984,1.417982310934665,1.9173606134079908,65516.7544,98.125,12.323527018748273,76.5,118.0,41.5,-0.27562393901365634,-0.4648319599141132,117212.75,11,3,0
2026-01-01 11:30:00,74.17666666666666,3.511418603080633,70.28,82.10999999999999,11.829999999999984,1.0627442206721218,0.9816267266669816,66161.7652,96.20833333333333,10.622571023604213,76.5,111.5,35.0,-0.49041941786271565,-0.35099243251152956,112313.75,11,3,0
2026-01-01 11:35:00,75.77833333333332,5.577141387898129,70.28,89.96000000000001,19.680000000000007,1.6984739735752477,3.150498211101438,69250.4192,94.79166666666667,10.476073026693108,76.5,111.5,35.0,-0.13817466809844597,-0.45819834445357893,109032.75,11,3,0
2026-01-01 11:40:00,76.445,5.808167446872491,70.28,89.96000000000001,19.680000000000007,1.221117366850872,1.322114910280414,70497.13919999999,94.29166666666667,10.504237961485641,76.5,111.5,35.0,0.028289951894441553,-0.5098140861935184,107904.75,11,3,0
2026-01-01 11:45:00,76.6075,5.665052555320706,70.28,89.96000000000001,19.680000000000007,1.286508165714637,1.5447965427903947,70777.5297,94.20833333333333,10.484747218813869,76.5,111.5,35.0,0.055653273146024036,-0.48223237089377513,107711.75,11,3,0
2026-01-01 11:50:00,75.91250000000001,5.435561566706308,70.28,89.96000000000001,19.680000000000007,1.7907834881361309,3.5468355897137473,69477.4905,95.58333333333333,8.915852412552878,81.0,111.5,30.5,0.3849796357751741,-0.28574355284231195,110508.5,11,3,0
2026-01-01 11:55:00,76.02333333333334,5.432604152594599,70.28,89.96000000000001,19.680000000000007,1.7206696271811528,3.356168034668922,69679.21160000001,97.08333333333333,12.129665612818371,81.0,126.0,45.0,1.3083978918907837,2.0240309389766393,114720.5,11,3,0
2026-01-01 12:00:00,76.23750000000001,5.282351619909814,70.28,89.96000000000001,19.680000000000007,1.7924056554332362,3.7076307386290677,70052.8125,96.66666666666667,12.329442465705908,81.0,126.0,45.0,1.3384968873252157,1.9188414134880305,113805.5,12,3,0
2026-01-01 12:05:00,76.19166666666668,5.308408138952502,70.28,89.96000000000001,19.680000000000007,1.787877565755301,3.654670399890138,69972.012,97.54166666666667,11.947723886188808,81.0,126.0,45.0,1.2645828486674608,2.058294024654295,115742.75,12,3,0
2026-01-01 12:10:00,76.44666666666667,5.066602471682657,72.34,89.96000000000001,17.620000000000005,2.028753994699505,4.338228269443304,70411.4892,97.58333333333333,12.001578179051258,81.0,126.0,45.0,1.254248694385205,1.967988560280114,115854.5,12,3,0
2026-01-01 12:15:00,76.75500000000001,5.298257861187635,72.34,89.96000000000001,17.620000000000005,1.6865070539964746,2.5555282927482,71004.74720000001,98.16666666666667,11.27009988931562,88.0,126.0,38.0,1.608624343185784,2.5191387342888385,117037.5,12,3,0
2026-01-01 12:20:00,76.55,5.527254784659893,69.88,89.96000000000001,20.080000000000013,1.464705508230253,2.1422044744951676,70654.88600000001,96.125,13.416619612189296,73.0,126.0,53.0,0.7859216242018741,1.6291053643166258,112860.25,12,3,0
2026-01-01 12:25:00,76.20416666666667,5.777033618064088,69.88,89.96000000000001,20.080000000000013,1.3805234495096077,1.762166584463897,70052.01550000001,94.875,13.211780211751826,73.0,126.0,53.0,1.1208226787943556,2.4831689208895895,109935.25,12,3,0
2026-01-01 12:30:00,75.71416666666667,5.996701302812384,69.88,89.96000000000001,20.080000000000013,1.4401268551989004,1.689079561931169,69187.1851,96.125,13.91553252500766,73.0,126.0,53.0,0.7749782193493862,0.9952666769308931,113010.25,12,3,0
2026-01-01 12:35:00,74.8875,4.297284819299506,69.88,82.02000000000001,12.140000000000015,0.7521581530111917,-0.7544690847300198,67500.78510000001,96.45833333333333,13.750137740356946,73.0,126.0,53.0,0.7355538069829447,1.114541631693983,113730.25,12,3,0
2026-01-01 12:40:00,74.7325,4.046812718895989,69.88,82.02000000000001,12.140000000000015,0.6938965124693263,-0.7423781815716299,67199.50230000001,96.375,13.789200319617741,73.0,126.0,53.0,0.7466350141594489,1.0858610416242667,113549.25,12,3,0
2026-01-01 12:45:00,74.97083333333335,4.011212599096648,69.88,82.02000000000001,12.140000000000015,0.5109596187047918,-0.8428546225895313,67624.4983,95.625,14.053671471120367,73.0,126.0,53.0,0.8652087571674996,0.9796068957058525,111902.25,12,3,0
2026-01-01 12:50:00,75.39166666666667,4.136719898077668,69.88,82.02000000000001,12.140000000000015,0.18879330228982788,-1.314581415980262,68395.0778,95.20833333333333,14.21180420593668,73.0,126.0,53.0,0.9260657713250241,0.9209938714334561,110997.25,12,3,0
2026-01-01 12:55:00,75.0,4.243367016458017,69.88,82.02000000000001,12.140000000000015,0.4401299758866005,-1.351643187635049,67698.0678,93.125,10.681600578054393,73.0,112.0,39.0,0.29712972336467824,0.5607267063587661,105322.25,12,3,0
2026-01-01 13:00:00,75.1375,4.233679089912675,69.88,82.02000000000001,12.140000000000015,0.32810742256620906,-1.4000332689008774,67944.8913,93.20833333333333,10.650348550278778,73.0,112.0,39.0,0.27516679696802904,0.5994327159065942,105501.25,13,3,0
2026-01-01 13:05:00,75.37416666666667,4.193493788181324,69.88,82.02000000000001,12.140000000000015,0.14633615853680393,-1.385669523145779,68368.6193,93.25,10.669625536583283,73.0,112.0,39.0,0.2624010086853438,0.5622487388542847,105599.0,13,3,0
2026-01-01 13:10:00,75.32083333333333,4.225662849205046,69.88,82.02000000000001,12.140000000000015,0.17297963057897545,-1.4376086954268084,68275.1537,92.33333333333333,9.296463974234694,73.0,110.0,37.0,-0.07890315485962066,1.2628462789824098,103256.0,13,3,0
2026-01-01 13:15:00,76.22500000000001,6.393908322486636,69.88,92.87,22.99000000000001,1.6672617641141234,3.643333388758775,70172.7102,92.91666666666667,9.219133594998246,73.0,110.0,37.0,-0.29505520050414485,1.5024036879994127,104537.0,13,3,0
2026-01-01 13:20:00,76.60166666666667,6.113113822436226,70.56,92.87,22.310000000000002,1.8046790696420336,4.290363233015703,70824.8558,94.5,6.802405991465682,87.0,110.0,23.0,1.1489058687226914,0.9487781813414718,107672.0,13,3,0
2026-01-01 13:25:00,78.11583333333334,6.702469637560811,70.6,92.87,22.27000000000001,1.2671552441134333,1.1224964051187158,73719.1551,96.41666666666667,8.458006785755119,87.0,113.0,26.0,0.924642085952595,-0.10453891185115304,112341.0,13,3,0
2026-01-01 13:30:00,78.75750000000001,6.272301484231385,71.8,92.87,21.070000000000007,1.3641615719184652,1.4489302883054525,74865.6851,94.33333333333333,7.8663071309725,85.0,113.0,28.0,1.2319492643377625,1.662252635879741,107466.0,13,3,0
2026-01-01 13:35:00,78.44583333333334,6.295657173196819,71.8,92.87,21.070000000000007,1.5200016517245862,1.780681833853037,74280.97350000001,95.0,7.988628281387406,85.0,113.0,28.0,0.916687654642651,0.8455734937216417,109002.0,13,3,0
2026-01-01 13:40:00,78.3425,6.276903007346591,71.8,92.87,21.070000000000007,1.591105422163737,1.9983130150018862,74083.96230000001,96.25,8.302518785393923,85.0,113.0,28.0,0.48456926200168926,-0.19878011833563075,111927.0,13,3,0
2026-01-01 13:45:00,78.52,6.226221676397065,71.8,92.87,21.070000000000007,1.5356247498214048,1.9308402139331078,74411.10900000001,96.91666666666667,7.798115545476794,85.0,113.0,28.0,0.45785099792453393,0.2796941659886108,113383.0,13,3,0
2026-01-01 13:50:00,77.66000000000001,6.861350251424827,68.5,92.87,24.370000000000005,1.2614792425656454,1.477025471328378,72890.7666,99.08333333333333,8.65981664023118,85.0,114.0,29.0,0.36968848433345014,-0.18089822675280706,118635.0,13,3,0
2026-01-01 13:55:00,78.135,6.6115456864213415,68.5,92.87,24.370000000000005,1.2267698668131206,1.6980107790687005,73741.7766,99.66666666666667,9.028574168447202,85.0,114.0,29.0,0.19730830208282418,-0.7402788242286268,120098.0,13,3,0
2026-01-01 14:00:00,78.31083333333333,6.566483019274819,68.5,92.87,24.370000000000005,1.161879647743526,1.6663581577708884,74065.3451,101.33333333333333,8.927315929044415,85.0,114.0,29.0,-0.1688328660685843,-0.7047474446649876,124098.0,14,3,0
2026-01-01 14:05:00,79.6775,7.661669797825375,68.5,92.87,24.370000000000005,0.7660611775182006,-0.2694497106668008,76827.7611,101.5,8.877960453740615,85.0,114.0,29.0,-0.23385152235041842,-0.6114608568171144,124494.0,14,3,0
2026-01-01 14:10:00,81.28583333333334,8.078201260556785,68.5,92.87,24.370000000000005,0.3839946903449244,-1.0792368427798509,80006.4711,102.25,9.205976319761007,85.0,114.0,29.0,-0.417843927649636,-0.8316119136386975,126393.0,14,3,0
2026-01-01 14:15:00,79.78833333333333,7.370127460762075,68.5,92.42,23.92,0.7535282769500857,-0.19054342110682682,76991.6442,103.79166666666667,9.42785604986468,85.0,114.0,29.0,-0.7484709664690429,-0.43045416474404874,130250.25,14,3,0
2026-01-01 14:20:00,80.02833333333332,7.224157495179073,68.5,92.42,23.92,0.7211890666522489,-0.06680803518938774,77428.48259999999,104.54166666666667,8.737220104330406,85.0,114.0,29.0,-0.9856086138165101,0.7420135231497909,131987.25,14,3,0
2026-01-01 14:25:00,79.2725,6.685358663119415,68.5,92.42,23.92,1.0783132890676097,1.4938256169983364,75901.1853,103.375,8.434574408619902,85.0,114.0,29.0,-0.7350971501961502,0.548041914294675,129019.25,14,3,0
2026-01-01 14:30:00,78.5825,7.2021715475265005,68.5,92.42,23.92,0.9774554200289872,0.9446975582464038,74673.0957,104.875,6.164874842053333,95.0,114.0,19.0,0.11124274144786334,-1.195818358922739,132403.25,14,3,0
2026-01-01 14:35:00,78.8325,7.167724534327493,68.5,92.42,23.92,0.8696294972775733,0.8515769343356883,75139.89570000001,104.54166666666667,6.548623496351731,95.0,114.0,19.0,0.049686242647509114,-1.3338846227081373,131619.25,14,3,0
2026-01-01 14:40:00,78.9475,7.178568007364974,68.5,92.42,23.92,0.8087717296589374,0.7448073231465161,75359.34330000001,104.125,6.674663764088544,95.0,114.0,19.0,0.2375705219332874,-1.4531759284579597,130594.25,14,3,0
2026-01-01 14:45:00,79.15833333333333,7.180877172720424,68.5,92.42,23.92,0.7035244454609736,0.6105270598460563,75759.7158,104.20833333333333,6.5555609056646755,96.0,114.0,18.0,0.2915041963955449,-1.503294011850155,130785.25,14,3,0
2026-01-01 14:50:00,80.36166666666666,6.399856295735164,70.02000000000001,92.42,22.39999999999999,0.8346216634664319,0.8574727988743032,77946.5094,102.54166666666667,6.379862969935309,94.0,113.5,19.5,0.43875764064199485,-1.1105824481354791,126625.25,14,3,0
2026-01-01 14:55:00,80.29166666666667,6.438479257675337,70.02000000000001,92.42,22.39999999999999,0.847679801774133,0.8042555525894632,77817.01500000001,101.04166666666667,7.05967528654933,90.0,113.5,23.5,0.43921810795244387,-0.5048874885744448,123061.25,14,3,0
2026-01-01 15:00:00,80.25916666666666,6.453552169624182,70.02000000000001,92.42,22.39999999999999,0.8562691768516373,0.7868534982960145,77756.53770000002,101.125,7.179912002499514,90.0,113.5,23.5,0.45490911692199065,-0.5660299425751855,123282.25,15,3,0
2026-01-01 15:05:00,79.1075,5.196875153747358,70.02000000000001,92.0,21.97999999999999,1.050421236609219,3.536047661627111,75393.04130000001,99.95833333333333,8.411189336865881,86.0,113.5,27.5,0.15172789111003285,-0.6240763043592159,120678.25,15,3,0
2026-01-01 15:10:00,77.99583333333334,3.250687922532261,70.02000000000001,82.94,12.919999999999987,-1.2304781129055335,2.750465498066501,73116.43689999999,97.20833333333333,10.062211787703854,77.0,113.5,36.5,-0.30497060341405346,0.47655633643335527,114507.25,15,3,0
2026-01-01 15:15:00,78.11416666666666,3.1520973056431134,70.02000000000001,82.94,12.919999999999987,-1.397845403977802,3.7943554803835102,73331.16930000001,96.75,9.352928564213085,77.0,111.0,34.0,-0.6121598278237769,0.6385630694600625,113289.0,15,3,0
2026-01-01 15:20:00,78.01583333333333,3.1985492686908183,70.02000000000001,82.94,12.919999999999987,-1.252415901137988,3.1411999772147925,73150.1809,97.08333333333333,9.58652779433281,77.0,111.0,34.0,-0.6336981539219321,0.39464477451335067,114113.0,15,3,0
2026-01-01 15:25:00,77.59916666666666,3.2892786120787783,70.02000000000001,82.94,12.919999999999987,-0.8223952023889496,1.7733714424975082,72378.58090000002,97.25,9.640115050237654,77.0,111.0,34.0,-0.6789768060514811,0.36576857031800564,114513.0,15,3,0
2026-01-01 15:30:00,77.37916666666666,3.8779058508270796,67.38,82.94,15.560000000000002,-1.4793327037687092,3.753811449410053,72015.8449,96.66666666666667,9.470848414844895,77.0,111.0,34.0,-0.5186612589493883,0.44337271731203853,113120.0,15,3,0
2026-01-01 15:35:00,76.87083333333334,4.001075896972387,67.38,82.94,15.560000000000002,-1.0231999500662772,2.0980363483667563,71085.59490000001,96.58333333333333,9.481640952467853,77.0,111.0,34.0,-0.48580575904369994,0.39769875224925877,112929.0,15,3,0
2026-01-01 15:40:00,76.895,4.023823374038007,67.38,82.94,15.560000000000002,-1.0099731299666956,2.02452053281678,71132.19499999999,95.41666666666667,9.876126709792617,77.0,111.0,34.0,-0.14122119810585712,-0.3053111500044496,110325.0,15,3,0
2026-01-01 15:45:00,76.0325,4.305934857844458,67.38,82.94,15.560000000000002,-0.5910583110446048,0.4256817626625813,69575.24449999999,95.5,9.88571053224163,77.0,111.0,34.0,-0.17073269017776513,-0.3120685920318446,110518.0,15,3,0
2026-01-01 15:50:00,75.40083333333334,3.716088995737631,67.38,80.49,13.11,-1.0024681135430145,0.8373526182408783,68375.33049999998,94.58333333333333,10.526661676932838,77.0,111.0,34.0,-0.009397722235837777,-0.909387887248678,108571.0,15,3,0
2026-01-01 15:55:00,75.65416666666665,3.908379013753841,67.38,80.49,13.11,-0.9538201785169701,0.4897405901352569,68850.6649,97.33333333333333,13.19320302506584,77.0,123.0,46.0,0.3276355761282707,-0.22812468478671236,115600.0,15,3,0
2026-01-01 16:00:00,75.83083333333333,4.037297607273573,67.38,80.49,13.11,-0.9395352489281681,0.27636546224851044,69183.0809,97.5,13.392670994377362,77.0,123.0,46.0,0.32711493686742243,-0.3507382096210424,116048.0,16,3,0
2026-01-01 16:05:00,75.6775,3.956702311498568,67.38,80.49,13.11,-0.8945235514019892,0.3851458133213296,68897.21849999999,98.58333333333333,12.89438449539767,77.0,123.0,46.0,0.14084939217267195,0.010808761300803047,118453.0,16,3,0
2026-01-01 16:10:00,75.26416666666667,3.8750424240101746,67.38,80.49,13.11,-0.6309282333340441,0.21751648293724896,68141.51289999999,101.0,11.070025047191843,83.0,123.0,40.0,0.26440798054938924,0.332421112568794,123760.0,16,3,0
2026-01-01 16:15:00,74.51,4.4837301840806685,67.27000000000001,80.49,13.219999999999985,-0.4152368260828493,-0.7692997599082592,66842.02339999999,99.66666666666667,11.113737063434233,83.0,123.0,40.0,0.6102659784416502,0.5800450902912853,120560.0,16,3,0
2026-01-01 16:20:00,74.37666666666667,4.455852807535715,67.27000000000001,80.49,13.219999999999985,-0.32027736909705146,-0.7540872868117263,66601.0634,100.25,11.592513257976627,83.0,123.0,40.0,0.47716200328767633,-0.10641552068096935,122079.0,16,3,0
2026-01-01 16:25:00,74.54,4.502857678488959,67.27000000000001,80.49,13.219999999999985,-0.42753528188763656,-0.8032645686486881,66897.5722,99.83333333333333,11.652805618728866,83.0,123.0,40.0,0.5932562492425176,-0.07501033523925761,121094.0,16,3,0
2026-01-01 16:30:00,74.52499999999999,4.529100853972479,67.2,80.49,13.289999999999992,-0.4415541739103969,-0.7832770888734741,66873.3478,99.5,11.828317332109888,83.0,123.0,40.0,0.6407460296864692,-0.18013182065939065,120342.0,16,3,0
2026-01-01 16:35:00,74.74749999999999,4.5236713267795015,67.2,80.49,13.289999999999992,-0.6147616431728045,-0.6180394607103482,67271.36469999999,99.83333333333333,11.746050271035674,83.0,123.0,40.0,0.5582372874725119,-0.17434539797254855,121118.0,16,3,0
2026-01-01 16:40:00,74.625,4.371368622795767,67.2,79.7,12.5,-0.7258241349638573,-0.5677759747586631,67036.885,99.91666666666667,11.642073646386157,83.0,123.0,40.0,0.5844484632668288,-0.1407744018899848,121291.0,16,3,0
2026-01-01 16:45:00,75.36333333333333,4.273696150626373,67.2,79.7,12.5,-1.1615295962476964,0.5564052696611061,68356.4934,101.41666666666667,12.369010641212357,83.0,123.0,40.0,0.24768350435061737,-0.9572366970931512,125107.0,16,3,0
2026-01-01 16:50:00,75.6425,4.3815130740626325,67.2,79.7,12.5,-1.258974454303938,0.5958942697946933,68872.6279,102.58333333333333,11.065575886368048,87.0,123.0,36.0,0.46081779268815637,-0.8326788763126868,127627.0,16,3,0
2026-01-01 16:55:00,75.13916666666667,4.216861086666512,67.2,79.46,12.259999999999991,-1.0888724376826742,0.3354984912570185,67946.3335,99.91666666666667,9.433579609163456,87.0,115.0,28.0,0.4831005861412683,-1.1270179391331485,120779.0,16,3,0
2026-01-01 17:00:00,75.2725,4.387735230679416,67.2,81.06,13.86,-0.9121075870856435,0.21850054402020444,68203.1655,99.83333333333333,9.311120754075203,87.0,115.0,28.0,0.4704059915285652,-1.1149345517420772,120554.0,17,3,0
2026-01-01 17:05:00,75.15083333333334,4.362910743014922,67.2,81.06,13.86,-0.8316690620778284,0.17188091084124027,67981.1579,100.45833333333333,9.499900318456314,87.0,115.0,28.0,0.24347389071809974,-1.4394785726422525,122095.25,17,3,0
2026-01-01 17:10:00,75.0775,4.39677800419599,67.2,81.06,13.86,-0.76488114858213,-0.022222133036790916,67852.2203,98.75,10.228080776159164,85.5,115.0,29.5,0.4438841122019902,-1.258910482379984,118169.5,17,3,0
2026-01-01 17:15:00,75.74333333333334,3.6482183281290843,67.2,81.06,13.86,-0.9346423011784812,1.7605309726458067,68991.03499999999,99.16666666666667,10.027991127868349,85.5,115.0,29.5,0.3540038298862464,-1.1659086997709684,119114.5,17,3,0
2026-01-01 17:20:00,76.06333333333333,3.6973266345326197,67.2,81.06,13.86,-1.1683796804042526,2.001362556483538,69577.9406,97.75,9.218311815472124,85.5,115.0,29.5,0.7092990394973984,-0.2199937945221172,115595.5,17,3,0
2026-01-01 17:25:00,76.655,4.311573220573183,67.2,83.72,16.519999999999996,-0.623478172110102,1.0949236970545453,70716.3546,98.25,9.277293884435379,85.5,115.0,29.5,0.512849531535623,-0.4992309358101308,116783.5,17,3,0
2026-01-01 17:30:00,77.30333333333334,3.202993864647574,72.82000000000001,83.72,10.899999999999991,0.5302011828580129,-0.19794017707299078,71822.51500000001,100.45833333333333,10.699316743973847,85.5,118.5,33.0,0.341132068488062,-0.885298817952701,122361.75,17,3,0
2026-01-01 17:35:00,77.31583333333334,3.197179035943888,72.82000000000001,83.72,10.899999999999991,0.521798655368167,-0.18418238943611856,71845.2985,100.54166666666667,10.690816648229497,85.5,118.5,33.0,0.31415262034770874,-0.890109468373869,122560.75,17,3,0
2026-01-01 17:40:00,76.5775,3.7441059741218186,70.16,83.72,13.560000000000002,0.27297881538406854,0.012782151693029518,70523.5637,102.125,9.879098689105769,85.5,118.5,33.0,0.1151271294255755,-0.6392302027569227,126227.75,17,3,0
2026-01-01 17:45:00,76.06916666666667,3.8135677839031894,70.16,83.72,13.560000000000002,0.6106324623593482,0.14087013767663292,69598.1937,99.875,9.754078401086685,85.5,118.5,33.0,0.38393752331088876,-0.2942702852875837,120746.75,17,3,0
2026-01-01 17:50:00,75.78833333333333,3.7244592855469576,70.16,83.72,13.560000000000002,0.8878208128641765,0.8429098812841428,69079.04520000001,101.375,10.617577621352947,85.5,118.5,33.0,0.10291348361911073,-1.014407073403981,124562.75,17,3,0
2026-01-01 17:55:00,75.88166666666667,3.6800440544135125,70.16,83.72,13.560000000000002,0.8478907389017887,0.9349375835112552,69245.298,101.875,10.218354697664058,85.5,118.5,33.0,0.04476929881416828,-0.7139792223498141,125690.75,17,3,0
2026-01-01 18:00:00,75.56833333333334,3.3437644363891033,70.16,83.72,13.560000000000002,1.0718591128948791,2.84336237514919,68649.86439999999,102.20833333333333,10.635400435538044,85.5,118.5,33.0,0.08826863999690025,-0.8701711074031147,126602.75,18,3,0
2026-01-01 18:05:00,75.70666666666666,3.3659183086649653,70.16,83.72,13.560000000000002,0.9105549874533323,2.4349068179345976,68902.616,100.66666666666667,11.278163400880926,85.5,118.5,33.0,0.34533098052341266,-1.0605607467220175,123004.5,18,3,0
2026-01-01 18:10:00,77.51666666666667,6.264415133888981,70.16,94.54,24.38000000000001,2.044526168651987,5.0770452475614585,72537.6752,101.625,10.320159001594027,88.0,118.5,30.5,0.45672406047734565,-0.8606788745634422,125103.25,18,3,0
2026-01-01 18:15:00,77.46083333333334,6.289293150532392,70.16,94.54,24.38000000000001,2.0463667501890717,5.042669979110273,72437.27569999998,102.79166666666667,10.538799166830552,88.0,118.5,30.5,0.11459519239723993,-1.224081713028519,128015.25,18,3,0
2026-01-01 18:20:00,77.3375,6.284995299050845,70.16,94.54,24.38000000000001,2.1208281348946856,5.3039282815513795,72207.5797,102.70833333333333,10.609726098198216,88.0,118.5,30.5,0.12172602344871966,-1.2651097008538958,127826.25,18,3,0
2026-01-01 18:25:00,76.58583333333333,5.9844715090327245,70.16,94.54,24.38000000000001,2.7697358048169467,8.973110268191201,70778.63130000001,102.16666666666667,10.813151364160351,88.0,118.5,30.5,0.2631982330281186,-1.3864328705580715,126542.5,18,3,0
2026-01-01 18:30:00,76.72500000000001,5.963113128376684,70.16,94.54,24.38000000000001,2.7177014597836178,8.78750495635404,71031.8534,100.20833333333333,9.651797603021798,88.0,116.0,28.0,0.5381309821179024,-0.9084221455834849,121525.25,18,3,0
2026-01-01 18:35:00,77.34833333333334,6.265975703364306,70.16,94.54,24.38000000000001,2.121003722865297,5.375893338257486,72225.06300000001,100.125,9.658074812865626,88.0,116.0,28.0,0.5679327882520062,-0.8889609975636859,121326.25,18,3,0
2026-01-01 18:40:00,78.21083333333334,5.887460416131525,72.8,94.54,21.74000000000001,2.2409033828327005,5.581236587006922,73784.49750000001,98.875,9.798248915912582,88.0,116.0,28.0,0.8942594531897144,-0.47751698957244393,118371.25,18,3,0
2026-01-01 18:45:00,78.21583333333334,5.882470814104249,72.86,94.54,21.680000000000007,2.246343679823954,5.5979390186202975,73793.23710000001,97.875,11.477497747569144,76.0,116.0,40.0,0.10005983136460744,0.18584598603641905,116403.25,18,3,0
2026-01-01 18:50:00,78.52916666666667,5.815115817393275,72.86,94.54,21.680000000000007,2.144704046401074,5.344733682718801,74373.9315,96.79166666666667,10.263479680474617,76.0,116.0,40.0,0.02178894692921051,1.2450273174361528,113582.25,18,3,0
2026-01-01 18:55:00,79.12666666666667,5.762993750621076,72.86,94.54,21.680000000000007,1.8815737765676759,4.44083719392436,75497.68560000001,97.20833333333333,10.373607975253483,76.0,116.0,40.0,-0.10977421208219026,1.0431319376905188,114577.25,18,3,0
2026-01-01 19:00:00,79.05166666666666,5.794696373461395,72.86,94.54,21.680000000000007,1.8895091034268137,4.402631858667673,75359.35560000001,96.125,8.790813903780997,76.0,111.0,35.0,-0.7687013456472415,1.844189611799335,111730.25,19,3,0
2026-01-01 19:05:00,78.65166666666666,6.109333892173608,72.16,94.54,22.38000000000001,1.6962052589888696,3.6445240082011474,74643.5796,97.04166666666667,8.432777859296582,76.0,111.0,35.0,-1.1619408040469321,3.380707027446719,113787.25,19,3,0
2026-01-01 19:10:00,78.40166666666667,5.422877185562791,72.16,91.53999999999999,19.379999999999995,1.3122362699130616,2.07818145938827,74085.33959999999,97.79166666666667,8.82006579374898,76.0,111.0,35.0,-1.208124166071798,2.8477444930431046,115614.25,19,3,0
2026-01-01 19:15:00,78.86749999999999,5.304485451869148,72.16,91.53999999999999,19.379999999999995,1.1296289460959843,1.9488261192946916,74950.5039,97.95833333333333,9.106586860203139,76.0,113.0,37.0,-0.9882778245653414,2.6511485235368846,116062.25,19,3,0
2026-01-01 19:20:00,79.15249999999999,5.278632958360666,72.16,91.53999999999999,19.379999999999995,0.9598239029515397,1.7346445578597456,75487.9227,97.70833333333333,9.264934708432401,76.0,113.0,37.0,-0.8790074661373287,2.1060210575729252,115507.25,19,3,0
2026-01-01 19:25:00,79.95583333333333,5.272957525014476,72.16,91.53999999999999,19.379999999999995,0.5793916521419766,1.0746014059805455,77021.0683,97.83333333333333,9.242523596087958,76.0,113.0,37.0,-0.9326695081196277,2.2362538901066173,115796.0,19,3,0
2026-01-01 19:30:00,79.86166666666666,5.3469325672565375,72.16,91.53999999999999,19.379999999999995,0.5825777376869625,0.905408982753706,76849.11620000002,97.41666666666667,9.491224016602578,76.0,113.0,37.0,-0.7615318956612821,1.463152092811172,114871.0,19,3,0
2026-01-01 19:35:00,78.6,6.138076393967598,68.36,91.53999999999999,23.179999999999993,0.39596684494259105,0.7612296437119609,74549.9558,97.08333333333333,9.50079741469903,76.0,113.0,37.0,-0.6351707499889214,1.3000083082554303,114095.0,19,3,0
2026-01-01 19:40:00,78.12916666666666,6.194683143020684,68.36,91.53999999999999,23.179999999999993,0.632202185045823,0.8253653088934003,73672.1153,97.5,9.317627477967878,76.0,113.0,37.0,-0.804285364630917,1.8903158721890692,115030.0,19,3,0
2026-01-01 19:45:00,78.21583333333332,6.121101294751332,68.36,91.53999999999999,23.179999999999993,0.637907902660112,0.9583518015683208,73824.7457,100.25,6.969087588643303,90.0,113.0,23.0,0.27012799032337487,-0.4917567467653201,121135.0,19,3,0
2026-01-01 19:50:00,77.72333333333334,6.279210044892516,68.36,91.53999999999999,23.179999999999993,0.8176746494636173,0.8453709938343366,72924.7118,99.5,7.242551032236207,90.0,113.0,23.0,0.5039541079713524,-0.6496384113933844,119380.0,19,3,0
2026-01-01 19:55:00,77.48416666666667,6.157055757913911,68.36,91.53999999999999,23.179999999999993,0.9731062944093275,1.4122938568653145,72462.5557,98.91666666666667,7.304523297660216,90.0,113.0,23.0,0.7495156415176518,-0.4630504056242936,118001.0,19,3,0
2026-01-01 20:00:00,77.49583333333334,6.154946951005932,68.36,91.53999999999999,23.179999999999993,0.9674854943991322,1.409063350066007,72483.9673,98.75,7.225271306639337,90.0,113.0,23.0,0.8404328347356157,-0.21231744231482266,117593.0,20,3,0
2026-01-01 20:05:00,77.60249999999999,6.064495969463302,68.36,91.53999999999999,23.179999999999993,0.9897693027828384,1.574379403384207,72670.3353,99.5,7.704780098330949,90.0,113.0,23.0,0.5302092246959419,-1.1479176096186487,119456.0,20,3,0
2026-01-01 20:10:00,75.95083333333334,4.391863258206915,68.36,84.34,15.980000000000004,0.2807862131891239,-0.019120030279648544,69434.5221,98.25,7.770866337569053,90.0,113.0,23.0,0.8947173119824416,-0.5352099516559949,116501.0,20,3,0
2026-01-01 20:15:00,75.67,4.200422056715896,68.36,84.34,15.980000000000004,0.451623470047847,0.7305407925916768,68905.46579999999,97.16666666666667,6.293334617359923,90.0,109.0,19.0,0.908650107036409,-0.06146223413544792,113732.0,20,3,0
2026-01-01 20:20:00,75.22833333333334,3.9423362555108126,68.36,84.34,15.980000000000004,0.7763899080190189,2.183185561527351,68082.5878,99.58333333333333,8.784887160586795,90.0,120.0,30.0,1.2697341674623803,1.3500296241960565,119851.0,20,3,0
2026-01-01 20:25:00,74.8525,3.124973090793201,68.36,79.83,11.469999999999999,-0.3618110463751521,0.6623113422755113,67342.18109999999,99.83333333333333,8.747293953855204,90.0,120.0,30.0,1.186077700344943,1.2376204058427813,120442.0,20,3,0
2026-01-01 20:30:00,74.77583333333332,3.118386699250172,68.36,79.83,11.469999999999999,-0.2767095306544319,0.6561910250873363,67204.0707,101.125,8.296014925032619,91.0,120.0,29.0,1.0413402981305329,1.0148064421218028,123472.25,20,3,0
2026-01-01 20:35:00,75.99083333333333,3.2297437509761844,71.72,82.94,11.219999999999999,0.9441652935197724,0.46027382503024483,69410.0247,100.20833333333333,9.547627818976675,84.0,120.0,36.0,0.42924672843925016,0.5905544385746844,121503.25,20,3,0
2026-01-01 20:40:00,75.62583333333333,3.5959003382218753,70.47999999999999,82.94,12.460000000000008,0.6616325974867789,0.039416264683286,68773.43549999999,100.79166666666667,9.480742043583405,84.0,120.0,36.0,0.22891541907997157,0.5967162573039534,122896.25,20,3,0
2026-01-01 20:45:00,75.28083333333333,3.957004051123267,69.76,82.94,13.179999999999993,0.4649484016759416,-0.3455696972177584,68178.68309999998,99.54166666666667,9.286985843674273,84.0,120.0,36.0,0.6132948793065962,1.232186489936589,119851.25,20,3,0
2026-01-01 20:50:00,75.535,3.908148829398287,69.76,82.94,13.179999999999993,0.26643498331701987,-0.3141554857572834,68634.44459999999,100.375,9.093266739736624,84.0,120.0,36.0,0.369026745077578,1.3736450897880546,121811.25,20,3,0
2026-01-01 20:55:00,75.21333333333332,3.7453057487360133,69.76,82.94,13.179999999999993,0.520165388733657,0.43093038882177365,68038.84659999999,99.95833333333333,9.468748437343622,84.0,120.0,36.0,0.36181801805564107,0.8482858372358894,120886.25,20,3,0
2026-01-01 21:00:00,75.06833333333333,3.722889477355716,69.76,82.94,13.179999999999993,0.6648231968069195,0.6707364406678185,67775.51499999998,99.95833333333333,9.468748437343622,84.0,120.0,36.0,0.36181801805564107,0.8482858372358894,120886.25,21,3,0
2026-01-01 21:05:00,74.94166666666666,3.8082084390368327,69.76,82.94,13.179999999999993,0.6878096533251227,0.45214865056943265,67554.56779999999,100.41666666666667,10.010978821758505,84.0,120.0,36.0,0.3546699535099633,0.2198520887583148,122104.5,21,3,0
2026-01-01 21:10:00,75.41666666666667,3.7243970429229547,69.76,82.94,13.179999999999993,0.37619942147550733,0.3655288291409003,68404.6658,100.83333333333333,9.682067147175989,84.0,120.0,36.0,0.32703564988498823,0.5931627860720956,123039.5,21,3,0
2026-01-01 21:15:00,75.62916666666666,3.880593811948538,69.76,82.94,13.179999999999993,0.24464518083347572,-0.24428532855026408,68802.89929999999,101.41666666666667,9.83692795110099,84.0,120.0,36.0,0.12502001566658003,0.25353239971646907,124488.5,21,3,0
2026-01-01 21:20:00,75.7475,3.880649254488688,69.76,82.94,13.179999999999993,0.1361877886357001,-0.2780458008756196,69017.85889999999,98.25,9.418309054949608,82.0,113.5,31.5,-0.39124409489987055,-0.43378306195284355,116812.5,21,3,0
2026-01-01 21:25:00,74.55833333333332,4.629969238722313,65.56,82.94,17.379999999999995,-0.20992687598528034,0.4124889384814152,66943.1436,98.625,9.58247690507856,82.0,113.5,31.5,-0.4828344099504931,-0.5526054156775375,117732.75,21,3,0
2026-01-01 21:30:00,75.09833333333334,4.9984903781647825,65.56,82.94,17.379999999999995,-0.3151056737754446,-0.22892863509182082,67951.95,98.25,9.374772724517857,82.0,113.5,31.5,-0.41280752503184964,-0.39070982417783345,116803.5,21,3,0
2026-01-01 21:35:00,76.10583333333334,7.375838267716777,65.56,95.03,29.47,1.4284679987435958,3.648382582976204,70103.6073,101.5,10.657903597373615,82.0,123.0,41.0,0.21106024870293397,0.8708949606253068,124876.5,21,3,0
2026-01-01 21:40:00,76.59833333333333,7.16019912538413,65.56,95.03,29.47,1.3663310331054723,3.9641169970480394,70971.60900000001,100.66666666666667,10.917736473141767,82.0,123.0,41.0,0.4199472604589319,0.60281619931867,122916.5,21,3,0
2026-01-01 21:45:00,77.125,6.836601361920882,65.56,95.03,29.47,1.4008746285021574,4.746188941292847,71893.3178,101.45833333333333,10.733249811457473,82.0,123.0,41.0,0.2040685237544595,0.7635910832264541,124792.75,21,3,0
2026-01-01 21:50:00,77.38833333333334,6.860231686166228,65.56,95.03,29.47,1.252399227412162,4.334620461453186,72385.1402,101.54166666666667,10.750176178965079,82.0,123.0,41.0,0.17631901085179155,0.7253547129058353,124999.75,21,3,0
2026-01-01 21:55:00,76.90666666666667,7.219801474648286,65.56,95.03,29.47,1.1724000820437037,3.4238414942141326,71549.0054,102.45833333333333,10.127501561529785,82.0,123.0,41.0,0.04551714718836647,1.6331729210977446,127100.75,21,3,0
2026-01-01 22:00:00,76.9575,7.205754171619958,65.56,95.03,29.47,1.1556218107233596,3.4336832964572626,71640.6335,102.625,10.117772392271855,82.0,123.0,41.0,-0.013315456862724439,1.6533782699767996,127508.75,22,3,0
2026-01-01 22:05:00,76.72416666666668,7.425683266184813,65.56,95.03,29.47,1.0749073131572224,2.934655519075793,71245.7215,102.41666666666667,9.896816139394025,82.0,123.0,41.0,-0.017065249730065523,2.022874570092766,126947.5,22,3,0
2026-01-01 22:10:00,77.07916666666667,7.5625410091550425,65.56,95.03,29.47,0.8790884764933449,2.211485671321408,71923.4875,102.0,10.289005606162176,82.0,123.0,41.0,0.008112474939143554,1.3508221150204305,126012.5,22,3,0
2026-01-01 22:15:00,76.52083333333333,7.625902579466597,65.56,95.03,29.47,1.0972987913902639,2.431399229808594,70904.9535,101.75,10.192466023311725,82.0,123.0,41.0,0.08461086329882919,1.5545676587885573,125379.5,22,3,0
2026-01-01 22:20:00,76.76916666666666,7.670003506379836,65.56,95.03,29.47,0.967528657992377,2.0951377151231783,71369.1779,103.41666666666667,8.087120325030135,91.0,123.0,32.0,1.0049543040305695,2.8188797417329345,129059.5,22,3,0
2026-01-01 22:25:00,76.93083333333333,7.4289170363743855,67.5,95.03,27.53,1.1492987624835962,2.345977006667579,71627.3143,103.29166666666667,8.08044309466139,91.0,123.0,32.0,1.0628646960777792,2.934016147274816,128748.25,22,3,0
2026-01-01 22:30:00,76.12416666666667,7.46289543899239,67.5,95.03,27.53,1.46129686015387,3.0539138095077925,70151.3079,104.20833333333333,8.413890931433626,91.0,123.0,32.0,0.6706925358545915,1.5275352594748048,131091.25,22,3,0
2026-01-01 22:35:00,73.91666666666667,4.807714129554163,67.5,81.67999999999999,14.179999999999993,0.18336226849451656,-1.3799905847131966,65818.33859999999,101.45833333333333,6.985238765143315,90.0,112.0,22.0,-0.3727319222997636,-0.388484517162898,124062.25,22,3,0
2026-01-01 22:40:00,73.9225,4.811029232162996,67.5,81.67999999999999,14.179999999999993,0.17991298409586068,-1.3872720053218195,65829.03809999999,101.375,7.100336099599301,90.0,112.0,22.0,-0.3860921420336998,-0.4679069584652685,123877.25,22,3,0
2026-01-01 22:45:00,73.50583333333333,4.8236886269427135,67.5,81.67999999999999,14.179999999999993,0.45822508095283365,-1.251258318334721,65093.238099999995,100.16666666666667,7.895146188218025,89.0,112.0,23.0,-0.1473862973396483,-1.1257149839204543,121086.0,22,3,0
2026-01-01 22:50:00,73.3325,4.625952727424169,67.5,81.67999999999999,14.179999999999993,0.4899824022347151,-0.995216835731294,64767.2605,100.25,7.944409126148818,89.0,112.0,23.0,-0.17011440207758652,-1.1749542547459795,121295.0,22,3,0
2026-01-01 22:55:00,73.97916666666667,4.574451697562554,67.5,81.67999999999999,14.179999999999993,0.12724747785178164,-1.1706950257964297,65905.1869,100.08333333333333,7.9482225952877466,89.0,112.0,23.0,-0.09488500822488706,-1.1964210833809241,120895.0,22,3,0
2026-01-01 23:00:00,72.5125,6.49309440867752,57.81,81.67999999999999,23.86999999999999,-0.8130116959217144,1.1343417419019854,63560.514899999995,91.5,29.877020661979735,0.0,112.0,112.0,-3.037345617228843,9.910041020399778,110286.0,23,3,1
2026-01-01 23:05:00,71.68249999999999,7.521341907592567,57.81,81.67999999999999,23.86999999999999,-0.7244039912889025,-0.1932433869302391,62282.846099999995,82.25,39.06201363333577,0.0,112.0,112.0,-1.9048977658479864,2.2775715285672846,97965.0,23,3,1
2026-01-01 23:10:00,69.84916666666668,7.544131323369256,57.81,79.38,21.569999999999993,-0.5174181370118313,-1.0631134478591686,59172.926100000004,74.66666666666667,45.50990568163722,0.0,112.0,112.0,-1.2433686806803328,-0.4144623512096391,89684.0,23,3,1
2026-01-01 23:15:00,68.82916666666667,7.946278097704555,57.81,79.38,21.569999999999993,-0.16499728679504624,-1.604556900584955,57544.0269,66.0,49.17131462365211,0.0,112.0,112.0,-0.7492345594139527,-1.6478508640467555,78868.0,23,3,1
2026-01-01 23:20:00,66.8575,8.02528518326454,55.720000000000006,77.32000000000001,21.6,0.020320400773795013,-1.6534513992673514,54347.5609,57.5,51.15839929260707,0.0,112.0,112.0,-0.333388838245851,-2.208153902624358,68464.0,23,3,1
2026-01-01 23:25:00,65.96583333333334,8.5261996845373,55.720000000000006,77.32000000000001,21.6,0.21582508992811325,-1.843815638297723,53017.550899999995,48.916666666666664,51.47012961343933,0.0,112.0,112.0,0.051589683638718666,-2.3437436969686725,57855.0,23,3,1
2026-01-01 23:30:00,65.24083333333334,8.390930664964415,55.720000000000006,77.32000000000001,21.6,0.5022630058857921,-1.5502884651322009,51850.8809,39.583333333333336,49.090747755066,0.0,105.0,105.0,0.4134788493974846,-2.1901065887019433,45311.0,23,3,1
2026-01-01 23:35:00,64.35416666666667,8.570849600756361,55.720000000000006,77.32000000000001,21.6,0.7704030108473049,-1.3220087845644442,50505.55930000001,32.083333333333336,47.538421462555085,0.0,105.0,105.0,0.8353154740128389,-1.55950503871746,37211.0,23,3,1
2026-01-01 23:40:00,62.95416666666666,7.746072856420017,55.720000000000006,77.32000000000001,21.6,1.2613121334969934,0.08725209283055556,48218.7433,24.416666666666668,44.30567033961259,0.0,105.0,105.0,1.3503239394589472,-0.20133505731845705,28747.0,23,3,1
2026-01-01 23:45:00,61.78916666666667,7.458817184237446,55.720000000000006,77.32000000000001,21.6,1.7862028524860132,1.9545717778670602,46426.78690000001,17.0,39.724048132082444,0.0,105.0,105.0,2.0600292132281743,2.675555523428126,20826.0,23,3,1
2026-01-01 23:50:00,60.089166666666664,5.719150379261131,55.720000000000006,77.2,21.479999999999997,2.814804878693388,8.703998824236116,43688.29090000001,8.25,28.57883832488653,0.0,99.0,99.0,3.464101615137754,12.0,9801.0,23,3,1
2026-01-01 23:55:00,60.0625,5.6321998366532275,55.720000000000006,76.88,21.15999999999999,2.7958082029051736,8.60887656233609,43638.98530000001,0.0,0.0,0.0,0.0,0.0,0.0,-3.0,0.0,23,3,1
2026-01-02 00:00:00,60.06,5.6332971130265275,55.720000000000006,76.88,21.15999999999999,2.7954900416171284,8.60641427571222,43635.51759999999,0.0,0.0,0.0,0.0,0.0,0.0,-3.0,0.0,0,4,1
2026-01-02 00:05:00,59.97,5.657558098363663,55.720000000000006,76.88,21.15999999999999,2.812717533385137,8.649150435351263,43508.89839999999,0.0,0.0,0.0,0.0,0.0,0.0,-3.0,0.0,0,4,1
2026-01-02 00:10:00,59.8325,5.685229866624589,55.720000000000006,76.88,21.15999999999999,2.854612133907817,8.798979219424455,43314.6769,0.0,0.0,0.0,0.0,0.0,0.0,-3.0,0.0,0,4,1
2026-01-02 00:15:00,59.794999999999995,5.682485851679884,55.720000000000006,76.88,21.15999999999999,2.882388092922325,8.933214834921111,43260.5014,0.0,0.0,0.0,0.0,0.0,0.0,-3.0,0.0,0,4,1
2026-01-02 00:20:00,60.303333333333335,5.556251734157664,56.8,76.88,20.08,2.8012979472888873,8.54158766951219,43977.49540000001,0.0,0.0,0.0,0.0,0.0,0.0,-3.0,0.0,0,4,1
2026-01-02 00:25:00,60.593333333333334,5.446510698408254,56.92,76.88,19.959999999999994,2.8112136998195103,8.664803214516699,44384.933800000006,0.0,0.0,0.0,0.0,0.0,0.0,-3.0,0.0,0,4,1
2026-01-02 00:30:00,60.77916666666666,5.561748348942669,56.92,76.88,19.959999999999994,2.565519469752618,7.192768993548654,44669.5487,0.0,0.0,0.0,0.0,0.0,0.0,-3.0,0.0,0,4,1
2026-01-02 00:35:00,61.090833333333336,5.490067822619914,56.92,76.88,19.959999999999994,2.4788731502336434,6.932211722043788,45116.628300000004,0.0,0.0,0.0,0.0,0.0,0.0,-3.0,0.0,0,4,1
2026-01-02 00:40:00,61.094166666666666,5.489132169085915,56.92,76.88,19.959999999999994,2.478112399389622,6.93091360626348,45121.402700000006,0.0,0.0,0.0,0.0,0.0,0.0,-3.0,0.0,0,4,1
2026-01-02 00:45:00,62.98333333333333,7.516299057059184,56.92,79.77,22.849999999999994,1.7294205219874448,1.9029213976635206,48224.2456,0.0,0.0,0.0,0.0,0.0,0.0,-3.0,0.0,0,4,1
2026-01-02 00:50:00,63.175000000000004,7.375636182113811,57.779999999999994,79.77,21.990000000000002,1.7828080651247102,2.032900341018285,48491.3676,0.0,0.0,0.0,0.0,0.0,0.0,-3.0,0.0,0,4,1
2026-01-02 00:55:00,61.78166666666667,6.002777892296152,57.779999999999994,79.77,21.990000000000002,2.846971650417436,8.773836432393063,46200.0588,0.0,0.0,0.0,0.0,0.0,0.0,-3.0,0.0,0,4,1
2026-01-02 01:00:00,62.375,5.922629176610123,58.029999999999994,79.77,21.740000000000002,2.651728171254599,7.821119321896787,47073.5404,0.0,0.0,0.0,0.0,0.0,0.0,-3.0,0.0,1,4,1
2026-01-02 01:05:00,62.33833333333334,5.95292110622733,57.64,79.77,22.129999999999995,2.6197013384706636,7.694874828413061,47022.6236,0.0,0.0,0.0,0.0,0.0,0.0,-3.0,0.0,1,4,1
2026-01-02 01:10:00,62.41916666666666,5.895408781159016,57.64,79.77,22.129999999999995,2.670526113347252,7.917012820144201,47136.1427,0.0,0.0,0.0,0.0,0.0,0.0,-3.0,0.0,1,4,1
2026-01-02 01:15:00,62.440000000000005,5.886401895277319,57.64,79.77,22.129999999999995,2.6722312155760215,7.933895649198202,47166.1902,0.0,0.0,0.0,0.0,0.0,0.0,-3.0,0.0,1,4,1
2026-01-02 01:20:00,61.73500000000001,6.4473017612018895,53.36,79.77,26.409999999999997,2.1244473384739937,6.119494748085529,46191.7674,0.0,0.0,0.0,0.0,0.0,0.0,-3.0,0.0,1,4,1
2026-01-02 01:25:00,61.609166666666674,6.4928554557832205,53.36,79.77,26.409999999999997,2.1406627335401724,6.079800642040563,46012.00190000001,0.0,0.0,0.0,0.0,0.0,0.0,-3.0,0.0,1,4,1
2026-01-02 01:30:00,61.341666666666676,6.409187770598142,53.36,79.77,26.409999999999997,2.3607707545564294,7.158125676800307,45605.4554,0.0,0.0,0.0,0.0,0.0,0.0,-3.0,0.0,1,4,1
2026-01-02 01:35:00,61.00333333333333,6.498545758067246,53.36,79.77,26.409999999999997,2.4311610839078157,7.2759542934227825,45121.4222,0.0,0.0,0.0,0.0,0.0,0.0,-3.0,0.0,1,4,1
2026-01-02 01:40:00,60.82,6.569304653946293,53.36,79.77,26.409999999999997,2.4382474130037224,7.194066639315374,44863.582200000004,0.0,0.0,0.0,0.0,0.0,0.0,-3.0,0.0,1,4,1
2026-01-02 01:45:00,59.32250000000001,2.8549992039476875,53.36,64.9,11.540000000000006,-0.11475659201322048,1.4972263265692396,42319.5693,0.0,0.0,0.0,0.0,0.0,0.0,-3.0,0.0,1,4,1
2026-01-02 01:50:00,59.67416666666667,3.091344098176372,53.36,64.9,11.540000000000006,-0.24407182221975976,0.5116276234541444,42837.194500000005,0.0,0.0,0.0,0.0,0.0,0.0,-3.0,0.0,1,4,1
2026-01-02 01:55:00,59.72916666666668,3.1066072061543117,53.36,64.9,11.540000000000006,-0.2991777843212073,0.45312938391454183,42917.0413,0.0,0.0,0.0,0.0,0.0,0.0,-3.0,0.0,1,4,1
2026-01-02 02:00:00,59.09583333333333,2.7054001832467534,53.36,63.44,10.079999999999998,-0.4340979712054381,0.6039917605807475,41988.3213,0.0,0.0,0.0,0.0,0.0,0.0,-3.0,0.0,2,4,1
2026-01-02 02:05:00,59.43416666666667,2.7601003220671676,53.36,63.44,10.079999999999998,-0.7448617199012951,0.7306836628865767,42472.8417,0.0,0.0,0.0,0.0,0.0,0.0,-3.0,0.0,2,4,1
2026-01-02 02:10:00,61.2825,6.845678298286682,53.36,81.17999999999999,27.819999999999993,2.450212153119169,7.546573154373777,45582.0341,0.0,0.0,0.0,0.0,0.0,0.0,-3.0,0.0,2,4,1
2026-01-02 02:15:00,61.25916666666666,6.850104787961821,53.36,81.17999999999999,27.819999999999993,2.45731383097528,7.565052969917525,45548.3893,0.0,0.0,0.0,0.0,0.0,0.0,-3.0,0.0,2,4,1
2026-01-02 02:20:00,61.817499999999995,6.4064145765997464,57.3,81.17999999999999,23.879999999999995,2.8932170534423616,9.227622029623765,46308.3033,0.0,0.0,0.0,0.0,0.0,0.0,-3.0,0.0,2,4,1
2026-01-02 02:25:00,61.751666666666665,6.444523867500597,57.3,81.17999999999999,23.879999999999995,2.8674724170780155,9.096813516455773,46216.070799999994,0.0,0.0,0.0,0.0,0.0,0.0,-3.0,0.0,2,4,1
2026-01-02 02:30:00,63.376666666666665,8.550269887641704,57.3,81.22,23.92,1.8223991758594915,2.06025865497275,49003.400799999996,0.0,0.0,0.0,0.0,0.0,0.0,-3.0,0.0,2,4,1
2026-01-02 02:35:00,63.461666666666666,8.49227866768951,57.3,81.22,23.92,1.8392353092050784,2.1025770370535573,49121.90439999999,0.0,0.0,0.0,0.0,0.0,0.0,-3.0,0.0,2,4,1
2026-01-02 02:40:00,63.469166666666666,8.486572772576675,57.3,81.22,23.92,1.8414531134040975,2.107419412874299,49132.2625,0.0,0.0,0.0,0.0,0.0,0.0,-3.0,0.0,2,4,1
2026-01-02 02:45:00,63.09416666666666,8.66458880977173,57.3,81.22,23.92,1.8475870281093703,2.1009054912682092,48596.31249999999,0.0,0.0,0.0,0.0,0.0,0.0,-3.0,0.0,2,4,1
2026-01-02 02:50:00,62.91916666666666,8.67816534688502,57.3,81.22,23.92,1.9106280620170253,2.2812531435161545,48334.27450000001,0.0,0.0,0.0,0.0,0.0,0.0,-3.0,0.0,2,4,1
2026-01-02 02:55:00,62.76083333333333,8.737079248116958,57.3,81.22,23.92,1.9285364951512325,2.317554926000283,48106.768500000006,0.0,0.0,0.0,0.0,0.0,0.0,-3.0,0.0,2,4,1
2026-01-02 03:00:00,63.33083333333334,8.56995115964993,57.3,81.22,23.92,1.8324330026605038,2.0515473615016426,48937.4181,0.0,0.0,0.0,0.0,0.0,0.0,-3.0,0.0,3,4,1
2026-01-02 03:05:00,62.905833333333334,8.782015153227212,56.6,81.22,24.619999999999997,1.8288183506625098,2.0259341675393028,48334.0881,0.0,0.0,0.0,0.0,0.0,0.0,-3.0,0.0,3,4,1
2026-01-02 03:10:00,61.22416666666667,6.6340217588553765,56.6,81.22,24.619999999999997,2.8936235356038784,9.064644653827242,45464.8957,0.0,0.0,0.0,0.0,0.0,0.0,-3.0,0.0,3,4,1
2026-01-02 03:15:00,61.189166666666665,6.642515211373642,56.6,81.22,24.619999999999997,2.9004529112843507,9.086256214071106,45414.722499999996,0.0,0.0,0.0,0.0,0.0,0.0,-3.0,0.0,3,4,1
2026-01-02 03:20:00,61.6675,6.759452808676472,56.6,81.22,24.619999999999997,2.5324252663242435,7.148122302720396,46137.1589,0.0,0.0,0.0,0.0,0.0,0.0,-3.0,0.0,3,4,1
2026-01-02 03:25:00,61.902499999999996,6.6679997341438515,56.6,81.22,24.619999999999997,2.529337112354356,7.23163058370124,46472.118500000004,0.0,0.0,0.0,0.0,0.0,0.0,-3.0,0.0,3,4,1
2026-01-02 03:30:00,60.35083333333333,2.8205913575095076,56.6,65.8,9.199999999999996,0.5728738220106293,-0.37030474330865737,43794.1901,0.0,0.0,0.0,0.0,0.0,0.0,-3.0,0.0,3,4,1
2026-01-02 03:35:00,60.66583333333333,2.818356898275552,56.6,65.8,9.199999999999996,0.23691637852785588,-0.6230040059565346,44251.4945,0.0,0.0,0.0,0.0,0.0,0.0,-3.0,0.0,3,4,1
2026-01-02 03:40:00,60.71,2.7695027449963376,56.6,65.8,9.199999999999996,0.2569647734543913,-0.5294735234838994,44312.8208,0.0,0.0,0.0,0.0,0.0,0.0,-3.0,0.0,3,4,1
2026-01-02 03:45:00,61.10833333333334,2.57110458516873,56.6,65.8,9.199999999999996,0.029560627738772795,-0.06826659370010475,44883.4572,0.0,0.0,0.0,0.0,0.0,0.0,-3.0,0.0,3,4,1
2026-01-02 03:50:00,60.91166666666667,2.6410804721937007,56.6,65.8,9.199999999999996,0.23872135871382832,-0.36065313969655666,44599.501999999986,0.0,0.0,0.0,0.0,0.0,0.0,-3.0,0.0,3,4,1
2026-01-02 03:55:00,60.835,2.716429809343089,56.6,65.8,9.199999999999996,0.22968900079280788,-0.5598740170431269,44491.93559999999,0.0,0.0,0.0,0.0,0.0,0.0,-3.0,0.0,3,4,1
2026-01-02 04:00:00,60.37166666666666,2.5717833689808356,56.6,65.8,9.199999999999996,0.6218312122060641,0.2610957685348871,43809.61239999999,0.0,0.0,0.0,0.0,0.0,0.0,-3.0,0.0,4,4,1
2026-01-02 04:05:00,60.27833333333333,2.7361746134244096,55.48,65.8,10.32,0.3015881208768194,0.40649428347927596,43684.08279999999,0.0,0.0,0.0,0.0,0.0,0.0,-3.0,0.0,4,4,1
2026-01-02 04:10:00,59.801666666666655,3.0761423106137524,55.279999999999994,65.8,10.520000000000003,0.30554429090659074,-0.13348109570786543,43018.961200000005,0.0,0.0,0.0,0.0,0.0,0.0,-3.0,0.0,4,4,1
2026-01-02 04:15:00,59.879999999999995,3.080283339977359,55.279999999999994,65.8,10.520000000000003,0.2138905290906015,-0.19224639998795776,43131.742399999996,0.0,0.0,0.0,0.0,0.0,0.0,-3.0,0.0,4,4,1
2026-01-02 04:20:00,59.35166666666667,2.4522710562517016,55.279999999999994,62.6,7.320000000000007,-0.32274171096197835,-0.7117190995311072,42337.594,0.0,0.0,0.0,0.0,0.0,0.0,-3.0,0.0,4,4,1
2026-01-02 04:25:00,59.14666666666667,2.4228358040382747,55.279999999999994,62.6,7.320000000000007,-0.06049907926360776,-0.6667947347579785,42044.5096,0.0,0.0,0.0,0.0,0.0,0.0,-3.0,0.0,4,4,1
2026-01-02 04:30:00,59.096666666666664,2.350192770945079,55.279999999999994,62.379999999999995,7.100000000000001,-0.14055070695612776,-0.6450512322993088,41969.749599999996,0.0,0.0,0.0,0.0,0.0,0.0,-3.0,0.0,4,4,1
2026-01-02 04:35:00,58.905,2.142710687635058,55.279999999999994,62.08,6.800000000000004,-0.244461193694219,-0.20089938815802827,41688.0916,0.0,0.0,0.0,0.0,0.0,0.0,-3.0,0.0,4,4,1
2026-01-02 04:40:00,59.11166666666667,2.1793987216375164,55.279999999999994,62.08,6.800000000000004,-0.5183989348535661,-0.20716201251458036,41982.517199999995,0.0,0.0,0.0,0.0,0.0,0.0,-3.0,0.0,4,4,1
2026-01-02 04:45:00,59.333333333333336,2.602884181173368,55.279999999999994,64.74,9.46,0.32947860643171734,0.7880876195726261,42319.8584,0.0,0.0,0.0,0.0,0.0,0.0,-3.0,0.0,4,4,1
2026-01-02 04:50:00,59.70166666666666,2.849401319362445,55.279999999999994,64.74,9.46,0.10030253091488898,-0.2715979561345004,42860.778,0.0,0.0,0.0,0.0,0.0,0.0,-3.0,0.0,4,4,1
2026-01-02 04:55:00,60.211666666666666,3.0572531739608406,55.279999999999994,64.74,9.46,-0.1773172112973819,-0.6426221542858349,43608.1524,0.0,0.0,0.0,0.0,0.0,0.0,-3.0,0.0,4,4,1
2026-01-02 05:00:00,60.373333333333335,3.0141162833729,55.279999999999994,64.74,9.46,-0.3609101727157642,-0.3759133018792309,43839.2064,0.0,0.0,0.0,0.0,0.0,0.0,-3.0,0.0,5,4,1
2026-01-02 05:05:00,60.745000000000005,2.602783475085581,55.279999999999994,64.74,9.46,-0.3539485386209439,0.6548938301993593,44353.9796,0.0,0.0,0.0,0.0,0.0,0.0,-3.0,0.0,5,4,1
2026-01-02 05:10:00,61.26333333333334,1.953995130417118,58.339999999999996,64.74,6.399999999999999,0.5770056462820476,-0.5377773062521171,45080.351200000005,0.0,0.0,0.0,0.0,0.0,0.0,-3.0,0.0,5,4,1
2026-01-02 05:15:00,61.24166666666667,1.9651224034657222,58.339999999999996,64.74,6.399999999999999,0.5971225362432905,-0.5703976404800453,45048.9796,0.0,0.0,0.0,0.0,0.0,0.0,-3.0,0.0,5,4,1
2026-01-02 05:20:00,62.88166666666666,5.455435710177135,58.339999999999996,79.14,20.800000000000004,2.7663802458746702,8.519633471215844,47776.6276,0.0,0.0,0.0,0.0,0.0,0.0,-3.0,0.0,5,4,1
2026-01-02 05:25:00,63.153333333333336,5.287290650630016,59.94000000000001,79.14,19.19999999999999,2.921227260476056,9.214327256426413,48167.632000000005,0.0,0.0,0.0,0.0,0.0,0.0,-3.0,0.0,5,4,1
2026-01-02 05:30:00,62.975,5.365242517605743,59.86,79.14,19.28,2.8913004973873186,9.026843439377318,47906.851599999995,0.0,0.0,0.0,0.0,0.0,0.0,-3.0,0.0,5,4,1
2026-01-02 05:35:00,63.28333333333333,5.2895288213140805,59.86,79.14,19.28,2.8254048067135766,8.789826331482082,48365.133599999994,0.0,0.0,0.0,0.0,0.0,0.0,-3.0,0.0,5,4,1
2026-01-02 05:40:00,63.47333333333333,5.224935551291396,59.86,79.14,19.28,2.8152453827707333,8.819582856465408,48646.66799999999,0.0,0.0,0.0,0.0,0.0,0.0,-3.0,0.0,5,4,1
2026-01-02 05:45:00,63.20416666666667,5.236934318912471,59.86,79.14,19.28,2.9738567023766205,9.560410748210208,48238.88049999999,0.0,0.0,0.0,0.0,0.0,0.0,-3.0,0.0,5,4,1
2026-01-02 05:50:00,62.9675,5.291171248581481,59.86,79.14,19.28,3.030860854455867,9.783837722557498,47886.8341,0.0,0.0,0.0,0.0,0.0,0.0,-3.0,0.0,5,4,1
2026-01-02 05:55:00,62.887499999999996,5.2794061735626725,59.86,79.14,19.28,3.104595259702452,10.176483041567119,47764.6453,0.0,0.0,0.0,0.0,0.0,0.0,-3.0,0.0,5,4,1
2026-01-02 06:00:00,63.8025,5.7612879320826265,59.86,79.14,19.28,2.1839309095194417,4.501147832950927,49214.224899999994,7.083333333333333,24.53738644055916,0.0,85.0,85.0,3.4641016151377557,12.000000000000005,7225.0,6,4,0
2026-01-02 06:05:00,65.16333333333334,6.629233238718552,59.86,79.14,19.28,1.43045346722639,0.6502011269848152,51438.534199999995,15.416666666666666,36.14732061825317,0.0,100.0,100.0,2.091243230453736,2.906702826975624,17225.0,6,4,0
2026-01-02 06:10:00,66.51333333333334,7.41798837388879,59.86,79.14,19.28,0.897630339864135,-1.0602613276270803,53693.5742,23.833333333333332,43.28517137087553,0.0,101.0,101.0,1.3564221775694394,-0.17223046215624815,27426.0,6,4,0
2026-01-02 06:15:00,67.26416666666667,7.1728078163083975,59.86,79.14,19.28,0.6947034529106575,-1.258207456748451,54859.558300000004,33.416666666666664,49.77304552271302,0.0,115.0,115.0,0.871989449983788,-1.417742094472272,40651.0,6,4,0
2026-01-02 06:20:00,66.77333333333333,6.451530238961933,59.86,77.7,17.840000000000003,0.6358780887799409,-1.266319882565075,53961.98120000001,43.666666666666664,54.68809631709519,0.0,123.0,123.0,0.47841588591954165,-2.011861715761945,55780.0,6,4,0
2026-01-02 06:25:00,67.98166666666667,6.74568661285016,59.86,77.7,17.840000000000003,0.2414229320860184,-1.782489298046003,55958.6312,50.833333333333336,54.07710544521901,0.0,123.0,123.0,0.12444564409303155,-2.2052900213407107,63176.0,6,4,0
2026-01-02 06:30:00,69.45333333333333,6.739138511618981,60.56,77.7,17.14,-0.0574039518937995,-1.9015939744213348,58384.76200000001,59.25,53.30039228919257,0.0,123.0,123.0,-0.25807348437556354,-2.1281354053645134,73377.0,6,4,0
2026-01-02 06:35:00,70.26666666666667,6.579250210573517,60.56,77.7,17.14,-0.4131086691788607,-1.6146744124437342,59725.00520000001,68.0,51.26934224802826,0.0,123.0,123.0,-0.6649938130334861,-1.637765197017032,84402.0,6,4,0
2026-01-02 06:40:00,70.96833333333335,6.15518086778528,60.56,77.7,17.14,-0.7277770750221176,-0.8588510805952574,60854.80080000001,78.375,48.79508404821871,0.0,124.5,124.5,-1.0847933136676435,-0.5660940976149131,99902.25,6,4,0
2026-01-02 06:45:00,72.19583333333334,5.534996851987702,60.56,77.7,17.14,-1.1748999100042479,0.596829323134922,62883.85830000001,87.79166666666667,42.83449031570308,0.0,124.5,124.5,-1.6830480054786177,1.737203415377495,112671.25,6,4,0
2026-01-02 06:50:00,73.6475,4.366963007524764,63.160000000000004,77.97999999999999,14.819999999999986,-1.3199162476793065,1.821302228314754,65297.22510000001,95.20833333333333,32.77572434074655,0.0,124.5,124.5,-2.490126519458384,7.407250994900189,120592.25,6,4,0
2026-01-02 06:55:00,75.01833333333333,3.2020954313564967,69.21000000000001,79.60999999999999,10.399999999999977,-0.45487083552041996,-0.862569294200782,67645.7916,105.95833333333333,15.097348252008478,85.0,129.0,44.0,0.06835042876653258,-1.2115152999772294,137233.25,6,4,0
2026-01-02 07:00:00,75.44500000000001,3.026995209774712,69.21000000000001,79.60999999999999,10.399999999999977,-0.862098977044298,0.15671856848732219,68404.166,107.95833333333333,13.582171357624592,86.0,129.0,43.0,-0.038367679143305085,-0.8122809551522147,141889.25,7,4,0
2026-01-02 07:05:00,75.58333333333333,3.105049650703254,69.21000000000001,79.60999999999999,10.399999999999977,-0.9053320179866124,0.027270411952186654,68660.138,108.875,13.365704076274639,86.0,129.0,43.0,-0.26327013757372036,-0.5625083364693302,144210.25,7,4,0
2026-01-02 07:10:00,75.42,3.0343308383171865,69.21000000000001,79.60999999999999,10.399999999999977,-0.8131470586587657,0.09890391407267442,68359.3956,107.45833333333333,15.068718853266423,84.0,129.0,45.0,-0.3193454530151411,-0.9921863176877846,141065.25,7,4,0
2026-01-02 07:15:00,75.65416666666665,2.5869724612277176,71.3,79.60999999999999,8.309999999999988,-0.3776424593083711,-0.862133763607033,68756.2519,106.04166666666667,15.094337188214467,84.0,129.0,45.0,-0.019211946880260435,-1.1004802178565973,137444.25,7,4,0
2026-01-02 07:20:00,77.21,5.251550420416919,71.3,91.92,20.620000000000005,2.1063071030626146,6.116217753435574,71839.9758,104.54166666666667,14.118746939849663,84.0,129.0,45.0,0.17148196639376936,-0.5422286403827172,133340.25,7,4,0
2026-01-02 07:25:00,77.03833333333333,5.324299071808409,71.3,91.92,20.620000000000005,2.115222803119086,5.9754989195094215,71530.6874,105.41666666666667,13.157841307706478,84.0,129.0,45.0,0.2524395495422138,-0.14756782541081115,135256.5,7,4,0
2026-01-02 07:30:00,76.79833333333333,5.365365078374599,71.3,91.92,20.620000000000005,2.218351926857575,6.231364531235257,71092.4666,105.66666666666667,13.094643827523376,84.0,129.0,45.0,0.1914204807489317,-0.09893296470623214,135871.5,7,4,0
2026-01-02 07:35:00,77.08333333333333,5.266474296448317,71.3,91.92,20.620000000000005,2.1764917324894677,6.290247162990811,71607.17659999999,106.5,13.363790970039457,84.0,129.0,45.0,-0.0075419471212889,-0.4067035105150871,138071.5,7,4,0
2026-01-02 07:40:00,77.63166666666666,4.942146816062276,72.02000000000001,91.92,19.89999999999999,2.4077838895119297,7.31160524525548,72588.781,103.29166666666667,13.27070994424343,84.0,129.0,45.0,0.20678069295999402,-0.2654179054735222,129967.25,7,4,0
2026-01-02 07:45:00,76.91416666666666,5.7254764920140335,67.63,91.92,24.290000000000006,1.422321522431149,4.59773328426901,71350.0603,101.20833333333333,13.567103149854313,84.0,129.0,45.0,0.5548938528749833,-0.12502373321831012,124942.25,7,4,0
2026-01-02 07:50:00,77.1075,5.803378522268434,67.63,91.92,24.290000000000006,1.2668189415254505,3.9062381404507076,71717.2699,101.91666666666667,13.085094457805644,84.0,129.0,45.0,0.5095310952479244,0.17521671632313515,126527.5,7,4,0
2026-01-02 07:55:00,76.39833333333333,5.986832268074648,67.63,91.92,24.290000000000006,1.4643137569537517,3.987731224817733,70434.7278,98.83333333333333,10.154115451680635,84.0,115.0,31.0,0.04857106279980944,-1.149057911668815,118350.5,7,4,0
2026-01-02 08:00:00,76.15166666666666,6.037631735183604,67.63,91.92,24.290000000000006,1.5646462648373298,4.079806870111237,69989.89899999999,97.25,9.902938039702184,84.0,115.0,31.0,0.4378348791845913,-0.7830289749797998,114569.5,8,4,0
2026-01-02 08:05:00,75.81750000000001,6.041228239055598,67.63,91.92,24.290000000000006,1.7529249229188606,4.590641457797612,69380.98049999999,96.29166666666667,8.963203397865845,84.0,115.0,31.0,0.5848947342960784,0.1799551122283415,112148.75,8,4,0
2026-01-02 08:10:00,75.9375,6.0538374381273155,67.63,91.92,24.290000000000006,1.6718685222222578,4.323858116708765,69601.18530000001,96.20833333333333,9.091600352506461,83.0,115.0,32.0,0.5221650244916164,0.16710844520108972,111981.75,8,4,0
2026-01-02 08:15:00,76.31916666666667,5.927459149559464,67.63,91.92,24.290000000000006,1.580594540477761,4.398489045978681,70281.8649,95.375,9.366587134354386,83.0,115.0,32.0,0.7245390485995605,0.07786716834669329,110121.75,8,4,0
2026-01-02 08:20:00,74.97416666666666,3.3259160278397695,67.63,80.3,12.670000000000002,-0.7696967832359946,1.1975606939638928,67575.1869,96.04166666666667,10.347284082250109,83.0,115.0,32.0,0.7564716854179363,-0.3891287602160705,111865.75,8,4,0
2026-01-02 08:25:00,75.19416666666667,3.3457611128473443,67.63,80.3,12.670000000000002,-0.976338610613288,1.4101699353973163,67973.08769999999,96.0,10.346277327882389,83.0,115.0,32.0,0.7711810973481532,-0.36993531403122054,111769.5,8,4,0
2026-01-02 08:30:00,74.86916666666667,3.5853273169539213,67.63,80.3,12.670000000000002,-0.674875193069456,0.030918487085541024,67406.10569999999,94.75,10.19692467007927,83.0,115.0,32.0,1.1613144598705396,0.490568532951118,108874.5,8,4,0
2026-01-02 08:35:00,75.1925,3.9476693354202395,67.63,80.84,13.210000000000008,-0.43990180337146817,-0.31752851581268005,68018.3697,93.5,8.215838362577394,83.0,113.0,30.0,1.1675895811706085,1.6966529492455418,105649.5,8,4,0
2026-01-02 08:40:00,75.21416666666666,3.9644384179472465,67.63,80.84,13.210000000000008,-0.44316971416385564,-0.35144695840669,68058.9349,95.25,8.695610177764118,83.0,113.0,30.0,0.7278321895886459,0.09052037464509921,109702.5,8,4,0
2026-01-02 08:45:00,76.86999999999999,4.606371082039952,70.74,87.5,16.760000000000005,0.9192864166898717,1.5180070557331677,71141.368,95.54166666666667,8.486508901387655,83.0,113.0,30.0,0.7177938489900808,0.2794799812588116,110330.75,8,4,0
2026-01-02 08:50:00,76.22666666666666,4.62284708286078,70.74,87.5,16.760000000000005,1.282267709662231,2.3372922109004524,69961.1344,94.33333333333333,9.185792719128074,83.0,113.0,30.0,0.7638526213549109,0.055972853469312946,107713.5,8,4,0
2026-01-02 08:55:00,76.72833333333334,4.333518061330556,70.74,87.5,16.760000000000005,1.3194260466513736,2.8861469872454943,70853.4188,93.91666666666667,9.411871935663584,83.0,113.0,30.0,0.81966674966001,-0.07625866485958442,106818.5,8,4,0
2026-01-02 09:00:00,76.68499999999999,4.369440363583011,70.74,87.5,16.760000000000005,1.3002096338655813,2.768225752091174,70777.0828,94.5,9.363857014169785,83.0,113.0,30.0,0.6196354007920595,-0.2608573514777182,108127.5,9,4,0
2026-01-02 09:05:00,76.98166666666667,4.284674238881263,70.74,87.5,16.760000000000005,1.1592335969170897,2.7818552058783994,71316.0668,94.04166666666667,9.230528235975987,83.0,113.0,30.0,0.8084345554932679,0.1545882973744224,107063.25,9,4,0
2026-01-02 09:10:00,77.30666666666667,4.445961054369365,70.74,87.5,16.760000000000005,0.859362958696479,1.5406291080120014,71933.28080000001,96.79166666666667,10.473903356206332,83.0,116.0,33.0,0.717478355648863,-0.4720209771566513,113630.25,9,4,0
2026-01-02 09:15:00,77.15166666666666,4.504869755625677,70.74,87.5,16.760000000000005,0.9302527422245539,1.4438692416042835,71651.78839999999,98.70833333333333,10.817616804700206,83.0,116.0,33.0,0.31185459955186823,-1.150906300766872,118207.25,9,4,0
